brand_name,model_name,variant_name,guessed_url,model_url
Audi,S5 Sportback,3.0 TFSI Quattro [2021-2024],https://www.carwale.com/audi-cars/s5-sportback/3-0-tfsi-quattro-2021-2024/,https://www.carwale.com/audi-cars/s5-sportback/
BMW,M2,3.0 Petrol [2023-2024],https://www.carwale.com/bmw-cars/m2/3-0-petrol-2023-2024/,https://www.carwale.com/bmw-cars/m2/
BYD,Seal U Dm I,Atto 3,https://www.carwale.com/byd-cars/seal-u-dm-i/atto-3/,https://www.carwale.com/byd-cars/seal-u-dm-i/
BYD,Seal U Dm I,Seal,https://www.carwale.com/byd-cars/seal-u-dm-i/seal/,https://www.carwale.com/byd-cars/seal-u-dm-i/
BYD,Seal U Dm I,Sealion 7,https://www.carwale.com/byd-cars/seal-u-dm-i/sealion-7/,https://www.carwale.com/byd-cars/seal-u-dm-i/
BYD,Seal U Dm I,eMax 7,https://www.carwale.com/byd-cars/seal-u-dm-i/emax-7/,https://www.carwale.com/byd-cars/seal-u-dm-i/
Citroen,Basalt,Max Petrol Turbo 6 Speed Manual,https://www.carwale.com/citroen-cars/basalt/max-petrol-turbo-6-speed-manual/,https://www.carwale.com/citroen-cars/basalt/
Citroen,Basalt,Max Petrol Turbo 6 Speed Manual Dual Tone,https://www.carwale.com/citroen-cars/basalt/max-petrol-turbo-6-speed-manual-dual-tone/,https://www.carwale.com/citroen-cars/basalt/
Citroen,Basalt,Max Petrol Turbo Automatic,https://www.carwale.com/citroen-cars/basalt/max-petrol-turbo-automatic/,https://www.carwale.com/citroen-cars/basalt/
Citroen,Basalt,Max Petrol Turbo Automatic Dual Tone,https://www.carwale.com/citroen-cars/basalt/max-petrol-turbo-automatic-dual-tone/,https://www.carwale.com/citroen-cars/basalt/
Citroen,Basalt,Plus Petrol 5 Speed Manual,https://www.carwale.com/citroen-cars/basalt/plus-petrol-5-speed-manual/,https://www.carwale.com/citroen-cars/basalt/
Citroen,Basalt,Plus Petrol Turbo 6 Speed Manual,https://www.carwale.com/citroen-cars/basalt/plus-petrol-turbo-6-speed-manual/,https://www.carwale.com/citroen-cars/basalt/
Citroen,Basalt,Plus Petrol Turbo Automatic,https://www.carwale.com/citroen-cars/basalt/plus-petrol-turbo-automatic/,https://www.carwale.com/citroen-cars/basalt/
Citroen,Basalt,You Petrol 5 Speed Manual,https://www.carwale.com/citroen-cars/basalt/you-petrol-5-speed-manual/,https://www.carwale.com/citroen-cars/basalt/
Honda,Amaze 2Nd Gen,S MT 1.2 Petrol [2021],https://www.carwale.com/honda-cars/amaze-2nd-gen/s-mt-1-2-petrol-2021/,https://www.carwale.com/honda-cars/amaze-2nd-gen/
Honda,Zr V,Amaze,https://www.carwale.com/honda-cars/zr-v/amaze/,https://www.carwale.com/honda-cars/zr-v/
Honda,Zr V,Amaze 2nd Gen,https://www.carwale.com/honda-cars/zr-v/amaze-2nd-gen/,https://www.carwale.com/honda-cars/zr-v/
Honda,Zr V,City,https://www.carwale.com/honda-cars/zr-v/city/,https://www.carwale.com/honda-cars/zr-v/
Honda,Zr V,Elevate,https://www.carwale.com/honda-cars/zr-v/elevate/,https://www.carwale.com/honda-cars/zr-v/
Honda,Elevate Based Three Row Suv,Amaze,https://www.carwale.com/honda-cars/elevate-based-three-row-suv/amaze/,https://www.carwale.com/honda-cars/elevate-based-three-row-suv/
Honda,Elevate Based Three Row Suv,Amaze 2nd Gen,https://www.carwale.com/honda-cars/elevate-based-three-row-suv/amaze-2nd-gen/,https://www.carwale.com/honda-cars/elevate-based-three-row-suv/
Honda,Elevate Based Three Row Suv,City,https://www.carwale.com/honda-cars/elevate-based-three-row-suv/city/,https://www.carwale.com/honda-cars/elevate-based-three-row-suv/
Honda,Elevate Based Three Row Suv,Elevate,https://www.carwale.com/honda-cars/elevate-based-three-row-suv/elevate/,https://www.carwale.com/honda-cars/elevate-based-three-row-suv/
Hyundai,I20,Asta (O) 1.2 MT [2023-2025],https://www.carwale.com/hyundai-cars/i20/asta-o-1-2-mt-2023-2025/,https://www.carwale.com/hyundai-cars/i20/
Hyundai,I20,Asta 1.2 MT Dual Tone,https://www.carwale.com/hyundai-cars/i20/asta-1-2-mt-dual-tone/,https://www.carwale.com/hyundai-cars/i20/
Hyundai,I20,Asta 1.2 MT [2023-2025],https://www.carwale.com/hyundai-cars/i20/asta-1-2-mt-2023-2025/,https://www.carwale.com/hyundai-cars/i20/
Hyundai,I20,Magna 1.2 MT [2023-2025],https://www.carwale.com/hyundai-cars/i20/magna-1-2-mt-2023-2025/,https://www.carwale.com/hyundai-cars/i20/
Hyundai,Grand I10 Nios,Sportz 1.2 Kappa VTVT Dual Tone [BS6],https://www.carwale.com/hyundai-cars/grand-i10-nios/sportz-1-2-kappa-vtvt-dual-tone-bs6/,https://www.carwale.com/hyundai-cars/grand-i10-nios/
Hyundai,Grand I10 Nios,Sportz 1.2 Kappa VTVT [BS6],https://www.carwale.com/hyundai-cars/grand-i10-nios/sportz-1-2-kappa-vtvt-bs6/,https://www.carwale.com/hyundai-cars/grand-i10-nios/
Hyundai,Aura,E 1.2 Petrol [2023-2023],https://www.carwale.com/hyundai-cars/aura/e-1-2-petrol-2023-2023/,https://www.carwale.com/hyundai-cars/aura/
Hyundai,Aura,SX 1.2 CNG [2023-2025],https://www.carwale.com/hyundai-cars/aura/sx-1-2-cng-2023-2025/,https://www.carwale.com/hyundai-cars/aura/
Hyundai,Aura,SX 1.2 Petrol [2023-2025],https://www.carwale.com/hyundai-cars/aura/sx-1-2-petrol-2023-2025/,https://www.carwale.com/hyundai-cars/aura/
Hyundai,Creta Electric,Excellence 42.0 kWh,https://www.carwale.com/hyundai-cars/creta-electric/excellence-42-0-kwh/,https://www.carwale.com/hyundai-cars/creta-electric/
Hyundai,Creta Electric,Excellence 42.0 kWh Dual Tone,https://www.carwale.com/hyundai-cars/creta-electric/excellence-42-0-kwh-dual-tone/,https://www.carwale.com/hyundai-cars/creta-electric/
Hyundai,Creta Electric,Excellence 51.4 kWh Dual Tone,https://www.carwale.com/hyundai-cars/creta-electric/excellence-51-4-kwh-dual-tone/,https://www.carwale.com/hyundai-cars/creta-electric/
Hyundai,Creta Electric,Excellence Knight Edition 42.0 kWh Dual Tone,https://www.carwale.com/hyundai-cars/creta-electric/excellence-knight-edition-42-0-kwh-dual-tone/,https://www.carwale.com/hyundai-cars/creta-electric/
Hyundai,Creta Electric,Excellence Knight Edition 42.0 kWh Dual Tone (HC),https://www.carwale.com/hyundai-cars/creta-electric/excellence-knight-edition-42-0-kwh-dual-tone-hc/,https://www.carwale.com/hyundai-cars/creta-electric/
Hyundai,Creta Electric,Excellence LR 51.4 kWh,https://www.carwale.com/hyundai-cars/creta-electric/excellence-lr-51-4-kwh/,https://www.carwale.com/hyundai-cars/creta-electric/
Hyundai,Creta Electric,Excellence LR 51.4 kWh (HC),https://www.carwale.com/hyundai-cars/creta-electric/excellence-lr-51-4-kwh-hc/,https://www.carwale.com/hyundai-cars/creta-electric/
Hyundai,Creta Electric,Excellence LR 51.4 kWh Dual Tone,https://www.carwale.com/hyundai-cars/creta-electric/excellence-lr-51-4-kwh-dual-tone/,https://www.carwale.com/hyundai-cars/creta-electric/
Hyundai,Creta Electric,Excellence LR 51.4 kWh Dual Tone (HC),https://www.carwale.com/hyundai-cars/creta-electric/excellence-lr-51-4-kwh-dual-tone-hc/,https://www.carwale.com/hyundai-cars/creta-electric/
Hyundai,Creta Electric,Excellence LR 51.4 kWh Dual Tone (HC) Knight Edition,https://www.carwale.com/hyundai-cars/creta-electric/excellence-lr-51-4-kwh-dual-tone-hc-knight-edition/,https://www.carwale.com/hyundai-cars/creta-electric/
Hyundai,Creta Electric,Executive (O) LR 51.4 kWh,https://www.carwale.com/hyundai-cars/creta-electric/executive-o-lr-51-4-kwh/,https://www.carwale.com/hyundai-cars/creta-electric/
Hyundai,Creta Electric,Executive 42.0 kWh,https://www.carwale.com/hyundai-cars/creta-electric/executive-42-0-kwh/,https://www.carwale.com/hyundai-cars/creta-electric/
Hyundai,Creta Electric,Executive Tech 42.0 kWh,https://www.carwale.com/hyundai-cars/creta-electric/executive-tech-42-0-kwh/,https://www.carwale.com/hyundai-cars/creta-electric/
Hyundai,Creta Electric,Premium 42.0 kWh,https://www.carwale.com/hyundai-cars/creta-electric/premium-42-0-kwh/,https://www.carwale.com/hyundai-cars/creta-electric/
Hyundai,Creta Electric,Premium 42.0 kWh (HC),https://www.carwale.com/hyundai-cars/creta-electric/premium-42-0-kwh-hc/,https://www.carwale.com/hyundai-cars/creta-electric/
Hyundai,Creta Electric,Premium 42.0 kWh Dual Tone (HC),https://www.carwale.com/hyundai-cars/creta-electric/premium-42-0-kwh-dual-tone-hc/,https://www.carwale.com/hyundai-cars/creta-electric/
Hyundai,Creta Electric,Premium 42.0 kWh Dual Tone,https://www.carwale.com/hyundai-cars/creta-electric/premium-42-0-kwh-dual-tone/,https://www.carwale.com/hyundai-cars/creta-electric/
Hyundai,Creta Electric,Smart (O) LR 51.4 kWh,https://www.carwale.com/hyundai-cars/creta-electric/smart-o-lr-51-4-kwh/,https://www.carwale.com/hyundai-cars/creta-electric/
Hyundai,Creta Electric,Smart (O) LR 51.4 kWh (HC),https://www.carwale.com/hyundai-cars/creta-electric/smart-o-lr-51-4-kwh-hc/,https://www.carwale.com/hyundai-cars/creta-electric/
Hyundai,I20 N Line,N8 1.0 Turbo DCT [2023-2025],https://www.carwale.com/hyundai-cars/i20-n-line/n8-1-0-turbo-dct-2023-2025/,https://www.carwale.com/hyundai-cars/i20-n-line/
Hyundai,Creta N Line,N10 1.5 Turbo DCT Titan Grey Matte,https://www.carwale.com/hyundai-cars/creta-n-line/n10-1-5-turbo-dct-titan-grey-matte/,https://www.carwale.com/hyundai-cars/creta-n-line/
Hyundai,Ioniq 9,Creta,https://www.carwale.com/hyundai-cars/ioniq-9/creta/,https://www.carwale.com/hyundai-cars/ioniq-9/
Hyundai,Ioniq 9,Exter,https://www.carwale.com/hyundai-cars/ioniq-9/exter/,https://www.carwale.com/hyundai-cars/ioniq-9/
Hyundai,Ioniq 9,Grand i10 Nios,https://www.carwale.com/hyundai-cars/ioniq-9/grand-i10-nios/,https://www.carwale.com/hyundai-cars/ioniq-9/
Hyundai,Ioniq 9,Venue,https://www.carwale.com/hyundai-cars/ioniq-9/venue/,https://www.carwale.com/hyundai-cars/ioniq-9/
Hyundai,Ioniq 9,i20,https://www.carwale.com/hyundai-cars/ioniq-9/i20/,https://www.carwale.com/hyundai-cars/ioniq-9/
Hyundai,Elantra,2.0 S MT,https://www.carwale.com/hyundai-cars/elantra/2-0-s-mt/,https://www.carwale.com/hyundai-cars/elantra/
Hyundai,Elantra,SX 1.5 MT,https://www.carwale.com/hyundai-cars/elantra/sx-1-5-mt/,https://www.carwale.com/hyundai-cars/elantra/
Hyundai,Elantra,SX 2.0 AT,https://www.carwale.com/hyundai-cars/elantra/sx-2-0-at/,https://www.carwale.com/hyundai-cars/elantra/
Hyundai,Elantra,SX 2.0 MT,https://www.carwale.com/hyundai-cars/elantra/sx-2-0-mt/,https://www.carwale.com/hyundai-cars/elantra/
Hyundai,Eon,1.0 Kappa Era +,https://www.carwale.com/hyundai-cars/eon/1-0-kappa-era/,https://www.carwale.com/hyundai-cars/eon/
Hyundai,Eon,1.0 Kappa Magna + [2014-2016],https://www.carwale.com/hyundai-cars/eon/1-0-kappa-magna-2014-2016/,https://www.carwale.com/hyundai-cars/eon/
Hyundai,Eon,D-Lite + AirBag,https://www.carwale.com/hyundai-cars/eon/d-lite-airbag/,https://www.carwale.com/hyundai-cars/eon/
Hyundai,Eon,Era + AirBag,https://www.carwale.com/hyundai-cars/eon/era-airbag/,https://www.carwale.com/hyundai-cars/eon/
Hyundai,Eon,D-Lite + LPG [2012-2015],https://www.carwale.com/hyundai-cars/eon/d-lite-lpg-2012-2015/,https://www.carwale.com/hyundai-cars/eon/
Hyundai,Eon,Era + LPG,https://www.carwale.com/hyundai-cars/eon/era-lpg/,https://www.carwale.com/hyundai-cars/eon/
Hyundai,Eon,Era + LPG Airbag,https://www.carwale.com/hyundai-cars/eon/era-lpg-airbag/,https://www.carwale.com/hyundai-cars/eon/
Hyundai,Eon,Magna + AirBag,https://www.carwale.com/hyundai-cars/eon/magna-airbag/,https://www.carwale.com/hyundai-cars/eon/
Hyundai,Eon,Magna + LPG [2012-2016],https://www.carwale.com/hyundai-cars/eon/magna-lpg-2012-2016/,https://www.carwale.com/hyundai-cars/eon/
Hyundai,Grand I10,Asta 1.2 Kappa VTVT,https://www.carwale.com/hyundai-cars/grand-i10/asta-1-2-kappa-vtvt/,https://www.carwale.com/hyundai-cars/grand-i10/
Hyundai,Grand I10,Era 1.2 Kappa VTVT,https://www.carwale.com/hyundai-cars/grand-i10/era-1-2-kappa-vtvt/,https://www.carwale.com/hyundai-cars/grand-i10/
Hyundai,Grand I10,Magna 1.2 Kappa VTVT,https://www.carwale.com/hyundai-cars/grand-i10/magna-1-2-kappa-vtvt/,https://www.carwale.com/hyundai-cars/grand-i10/
Hyundai,Grand I10,Magna 1.2 Kappa VTVT CNG,https://www.carwale.com/hyundai-cars/grand-i10/magna-1-2-kappa-vtvt-cng/,https://www.carwale.com/hyundai-cars/grand-i10/
Hyundai,Grand I10,Magna 1.2 Kappa VTVT CNG [2019-2020],https://www.carwale.com/hyundai-cars/grand-i10/magna-1-2-kappa-vtvt-cng-2019-2020/,https://www.carwale.com/hyundai-cars/grand-i10/
Hyundai,Grand I10,Magna 1.2 Kappa VTVT [2017-2020],https://www.carwale.com/hyundai-cars/grand-i10/magna-1-2-kappa-vtvt-2017-2020/,https://www.carwale.com/hyundai-cars/grand-i10/
Hyundai,Grand I10,Magna AT 1.2 Kappa VTVT,https://www.carwale.com/hyundai-cars/grand-i10/magna-at-1-2-kappa-vtvt/,https://www.carwale.com/hyundai-cars/grand-i10/
Hyundai,Grand I10,Sportz (O) 1.2 Kappa VTVT [2017-2018],https://www.carwale.com/hyundai-cars/grand-i10/sportz-o-1-2-kappa-vtvt-2017-2018/,https://www.carwale.com/hyundai-cars/grand-i10/
Hyundai,Grand I10,Sportz (O) AT 1.2 Kappa VTVT [2017-2018],https://www.carwale.com/hyundai-cars/grand-i10/sportz-o-at-1-2-kappa-vtvt-2017-2018/,https://www.carwale.com/hyundai-cars/grand-i10/
Hyundai,Grand I10,Sportz (O) U2 1.2 CRDi [2017-2018],https://www.carwale.com/hyundai-cars/grand-i10/sportz-o-u2-1-2-crdi-2017-2018/,https://www.carwale.com/hyundai-cars/grand-i10/
Hyundai,Grand I10,Sportz 1.2 Kappa VTVT,https://www.carwale.com/hyundai-cars/grand-i10/sportz-1-2-kappa-vtvt/,https://www.carwale.com/hyundai-cars/grand-i10/
Hyundai,Grand I10,Sportz 1.2 Kappa VTVT Dual Tone,https://www.carwale.com/hyundai-cars/grand-i10/sportz-1-2-kappa-vtvt-dual-tone/,https://www.carwale.com/hyundai-cars/grand-i10/
Hyundai,Grand I10,Sportz 1.2 Kappa VTVT [2017-2020],https://www.carwale.com/hyundai-cars/grand-i10/sportz-1-2-kappa-vtvt-2017-2020/,https://www.carwale.com/hyundai-cars/grand-i10/
Hyundai,Grand I10,Sportz AT 1.2 Kappa VTVT,https://www.carwale.com/hyundai-cars/grand-i10/sportz-at-1-2-kappa-vtvt/,https://www.carwale.com/hyundai-cars/grand-i10/
Hyundai,Grand I10,Sportz U2 1.2 CRDi Dual Tone,https://www.carwale.com/hyundai-cars/grand-i10/sportz-u2-1-2-crdi-dual-tone/,https://www.carwale.com/hyundai-cars/grand-i10/
Hyundai,I20 Active,1.2 Base,https://www.carwale.com/hyundai-cars/i20-active/1-2-base/,https://www.carwale.com/hyundai-cars/i20-active/
Hyundai,I20 Active,1.2 SX,https://www.carwale.com/hyundai-cars/i20-active/1-2-sx/,https://www.carwale.com/hyundai-cars/i20-active/
Hyundai,I20 Active,1.2 S,https://www.carwale.com/hyundai-cars/i20-active/1-2-s/,https://www.carwale.com/hyundai-cars/i20-active/
Hyundai,I20 Active,1.4 S,https://www.carwale.com/hyundai-cars/i20-active/1-4-s/,https://www.carwale.com/hyundai-cars/i20-active/
Hyundai,I20 Active,1.4 SX,https://www.carwale.com/hyundai-cars/i20-active/1-4-sx/,https://www.carwale.com/hyundai-cars/i20-active/
Land Rover,Defender,110 2.0 Petrol [2021],https://www.carwale.com/land-rover-cars/defender/110-2-0-petrol-2021/,https://www.carwale.com/land-rover-cars/defender/
Land Rover,Defender,110 X-Dynamic HSE 3.0 Diesel [2021],https://www.carwale.com/land-rover-cars/defender/110-x-dynamic-hse-3-0-diesel-2021/,https://www.carwale.com/land-rover-cars/defender/
Land Rover,Range Rover Velar,HSE Dynamic 2.0 Diesel,https://www.carwale.com/land-rover-cars/range-rover-velar/hse-dynamic-2-0-diesel/,https://www.carwale.com/land-rover-cars/range-rover-velar/
Land Rover,Range Rover Velar,HSE Dynamic 2.0 Petrol,https://www.carwale.com/land-rover-cars/range-rover-velar/hse-dynamic-2-0-petrol/,https://www.carwale.com/land-rover-cars/range-rover-velar/
Land Rover,Range Rover Velar,SE Dynamic 2.0 Petrol,https://www.carwale.com/land-rover-cars/range-rover-velar/se-dynamic-2-0-petrol/,https://www.carwale.com/land-rover-cars/range-rover-velar/
Land Rover,Range Rover Sport,SE Dynamic 3.0 Diesel,https://www.carwale.com/land-rover-cars/range-rover-sport/se-dynamic-3-0-diesel/,https://www.carwale.com/land-rover-cars/range-rover-sport/
Land Rover,Range Rover Evoque,S [2020-2021],https://www.carwale.com/land-rover-cars/range-rover-evoque/s-2020-2021/,https://www.carwale.com/land-rover-cars/range-rover-evoque/
MG,Windsor Ev,Essence 38.0 kWh,https://www.carwale.com/mg-cars/windsor-ev/essence-38-0-kwh/,https://www.carwale.com/mg-cars/windsor-ev/
MG,Windsor Ev,Essence Pro 52.9 kWh,https://www.carwale.com/mg-cars/windsor-ev/essence-pro-52-9-kwh/,https://www.carwale.com/mg-cars/windsor-ev/
MG,Windsor Ev,Excite 38.0 kWh,https://www.carwale.com/mg-cars/windsor-ev/excite-38-0-kwh/,https://www.carwale.com/mg-cars/windsor-ev/
MG,Windsor Ev,Exclusive 38.0 kWh,https://www.carwale.com/mg-cars/windsor-ev/exclusive-38-0-kwh/,https://www.carwale.com/mg-cars/windsor-ev/
MG,Windsor Ev,Exclusive Pro 52.9 kWh,https://www.carwale.com/mg-cars/windsor-ev/exclusive-pro-52-9-kwh/,https://www.carwale.com/mg-cars/windsor-ev/
MG,Comet Ev,Blackstorm 17.4 kWh Dual Tone,https://www.carwale.com/mg-cars/comet-ev/blackstorm-17-4-kwh-dual-tone/,https://www.carwale.com/mg-cars/comet-ev/
MG,Comet Ev,Excite 17.3 kWh,https://www.carwale.com/mg-cars/comet-ev/excite-17-3-kwh/,https://www.carwale.com/mg-cars/comet-ev/
MG,Comet Ev,Excite FC 17.4 kWh,https://www.carwale.com/mg-cars/comet-ev/excite-fc-17-4-kwh/,https://www.carwale.com/mg-cars/comet-ev/
MG,Comet Ev,Exclusive 17.3 kWh Dual Tone,https://www.carwale.com/mg-cars/comet-ev/exclusive-17-3-kwh-dual-tone/,https://www.carwale.com/mg-cars/comet-ev/
MG,Comet Ev,Exclusive FC 17.4 kWh Dual Tone,https://www.carwale.com/mg-cars/comet-ev/exclusive-fc-17-4-kwh-dual-tone/,https://www.carwale.com/mg-cars/comet-ev/
MG,Comet Ev,Executive 17.3 kWh,https://www.carwale.com/mg-cars/comet-ev/executive-17-3-kwh/,https://www.carwale.com/mg-cars/comet-ev/
MG,Zs Ev,100-Year 50.3 kWh Dual Tone,https://www.carwale.com/mg-cars/zs-ev/100-year-50-3-kwh-dual-tone/,https://www.carwale.com/mg-cars/zs-ev/
MG,Zs Ev,Essence 50.3 kWh Dark Grey,https://www.carwale.com/mg-cars/zs-ev/essence-50-3-kwh-dark-grey/,https://www.carwale.com/mg-cars/zs-ev/
MG,Zs Ev,Essence 50.3 kWh Iconic Ivory,https://www.carwale.com/mg-cars/zs-ev/essence-50-3-kwh-iconic-ivory/,https://www.carwale.com/mg-cars/zs-ev/
MG,Zs Ev,Excite Pro 50.3 kWh,https://www.carwale.com/mg-cars/zs-ev/excite-pro-50-3-kwh/,https://www.carwale.com/mg-cars/zs-ev/
MG,Zs Ev,Exclusive Plus 50.3 kWh Dark Grey,https://www.carwale.com/mg-cars/zs-ev/exclusive-plus-50-3-kwh-dark-grey/,https://www.carwale.com/mg-cars/zs-ev/
MG,Zs Ev,Exclusive Plus 50.3 kWh Dual Tone Iconic Ivory,https://www.carwale.com/mg-cars/zs-ev/exclusive-plus-50-3-kwh-dual-tone-iconic-ivory/,https://www.carwale.com/mg-cars/zs-ev/
MG,Zs Ev,Executive 50.3 kWh,https://www.carwale.com/mg-cars/zs-ev/executive-50-3-kwh/,https://www.carwale.com/mg-cars/zs-ev/
MG,Hector Plus,Savvy Pro 1.5 Turbo Petrol CVT 6 STR,https://www.carwale.com/mg-cars/hector-plus/savvy-pro-1-5-turbo-petrol-cvt-6-str/,https://www.carwale.com/mg-cars/hector-plus/
MG,Hector Plus,Sharp Pro 1.5 Turbo Petrol 6 STR,https://www.carwale.com/mg-cars/hector-plus/sharp-pro-1-5-turbo-petrol-6-str/,https://www.carwale.com/mg-cars/hector-plus/
MG,Hector Plus,Sharp Pro 1.5 Turbo Petrol CVT 6 STR,https://www.carwale.com/mg-cars/hector-plus/sharp-pro-1-5-turbo-petrol-cvt-6-str/,https://www.carwale.com/mg-cars/hector-plus/
Mahindra,Scorpio N,Z2 2WD Diesel 2.2L Turbo Manual 7 STR (ESP),https://www.carwale.com/mahindra-cars/scorpio-n/z2-2wd-diesel-2-2l-turbo-manual-7-str-esp/,https://www.carwale.com/mahindra-cars/scorpio-n/
Mahindra,Scorpio N,Z2 2WD Petrol 2.0L Turbo Manual 7 STR (ESP),https://www.carwale.com/mahindra-cars/scorpio-n/z2-2wd-petrol-2-0l-turbo-manual-7-str-esp/,https://www.carwale.com/mahindra-cars/scorpio-n/
Mahindra,Scorpio N,Z4 2WD Diesel 2.2L Turbo Automatic 7 STR,https://www.carwale.com/mahindra-cars/scorpio-n/z4-2wd-diesel-2-2l-turbo-automatic-7-str/,https://www.carwale.com/mahindra-cars/scorpio-n/
Mahindra,Scorpio N,Z4 2WD Diesel 2.2L Turbo Manual 7 STR (ESP),https://www.carwale.com/mahindra-cars/scorpio-n/z4-2wd-diesel-2-2l-turbo-manual-7-str-esp/,https://www.carwale.com/mahindra-cars/scorpio-n/
Mahindra,Scorpio N,Z4 2WD Petrol 2.0L Turbo Automatic 7 STR,https://www.carwale.com/mahindra-cars/scorpio-n/z4-2wd-petrol-2-0l-turbo-automatic-7-str/,https://www.carwale.com/mahindra-cars/scorpio-n/
Mahindra,Scorpio N,Z4 2WD Petrol 2.0L Turbo Manual 7 STR (ESP),https://www.carwale.com/mahindra-cars/scorpio-n/z4-2wd-petrol-2-0l-turbo-manual-7-str-esp/,https://www.carwale.com/mahindra-cars/scorpio-n/
Mahindra,Scorpio N,Z4 4WD Diesel 2.2L Turbo Manual 7 STR (ESP),https://www.carwale.com/mahindra-cars/scorpio-n/z4-4wd-diesel-2-2l-turbo-manual-7-str-esp/,https://www.carwale.com/mahindra-cars/scorpio-n/
Mahindra,Scorpio N,Z6 2WD Diesel 2.2L Turbo Automatic 7 STR,https://www.carwale.com/mahindra-cars/scorpio-n/z6-2wd-diesel-2-2l-turbo-automatic-7-str/,https://www.carwale.com/mahindra-cars/scorpio-n/
Mahindra,Scorpio N,Z6 2WD Diesel 2.2L Turbo Manual 7 STR,https://www.carwale.com/mahindra-cars/scorpio-n/z6-2wd-diesel-2-2l-turbo-manual-7-str/,https://www.carwale.com/mahindra-cars/scorpio-n/
Mahindra,Scorpio N,Z8 2WD Diesel 2.0L Turbo Automatic 7 STR,https://www.carwale.com/mahindra-cars/scorpio-n/z8-2wd-diesel-2-0l-turbo-automatic-7-str/,https://www.carwale.com/mahindra-cars/scorpio-n/
Mahindra,Scorpio N,Z8 2WD Diesel 2.2L Turbo Manual 7 STR,https://www.carwale.com/mahindra-cars/scorpio-n/z8-2wd-diesel-2-2l-turbo-manual-7-str/,https://www.carwale.com/mahindra-cars/scorpio-n/
Mahindra,Scorpio N,Z8 L 2WD Diesel 2.2L Turbo Automatic 7 STR,https://www.carwale.com/mahindra-cars/scorpio-n/z8-l-2wd-diesel-2-2l-turbo-automatic-7-str/,https://www.carwale.com/mahindra-cars/scorpio-n/
Mahindra,Scorpio N,Z8 L 2WD Diesel 2.2L Turbo Automatic 6 STR,https://www.carwale.com/mahindra-cars/scorpio-n/z8-l-2wd-diesel-2-2l-turbo-automatic-6-str/,https://www.carwale.com/mahindra-cars/scorpio-n/
Mahindra,Scorpio N,Z8 L 2WD Diesel 2.2L Turbo Manual 6 STR,https://www.carwale.com/mahindra-cars/scorpio-n/z8-l-2wd-diesel-2-2l-turbo-manual-6-str/,https://www.carwale.com/mahindra-cars/scorpio-n/
Mahindra,Scorpio N,Z8 L 2WD Diesel 2.2L Turbo Manual 7 STR,https://www.carwale.com/mahindra-cars/scorpio-n/z8-l-2wd-diesel-2-2l-turbo-manual-7-str/,https://www.carwale.com/mahindra-cars/scorpio-n/
Mahindra,Scorpio N,Z8 L 2WD Petrol 2.0L Turbo Automatic 6 STR,https://www.carwale.com/mahindra-cars/scorpio-n/z8-l-2wd-petrol-2-0l-turbo-automatic-6-str/,https://www.carwale.com/mahindra-cars/scorpio-n/
Mahindra,Scorpio N,Z8 L 2WD Petrol 2.0L Turbo Automatic 7 STR,https://www.carwale.com/mahindra-cars/scorpio-n/z8-l-2wd-petrol-2-0l-turbo-automatic-7-str/,https://www.carwale.com/mahindra-cars/scorpio-n/
Mahindra,Scorpio N,Z8 L 2WD Petrol 2.0L Turbo Manual 6 STR,https://www.carwale.com/mahindra-cars/scorpio-n/z8-l-2wd-petrol-2-0l-turbo-manual-6-str/,https://www.carwale.com/mahindra-cars/scorpio-n/
Mahindra,Scorpio N,Z8 L 2WD Petrol 2.0L Turbo Manual 7 STR,https://www.carwale.com/mahindra-cars/scorpio-n/z8-l-2wd-petrol-2-0l-turbo-manual-7-str/,https://www.carwale.com/mahindra-cars/scorpio-n/
Mahindra,Scorpio N,Z8 L 4WD Diesel 2.2L Turbo Automatic 7 STR,https://www.carwale.com/mahindra-cars/scorpio-n/z8-l-4wd-diesel-2-2l-turbo-automatic-7-str/,https://www.carwale.com/mahindra-cars/scorpio-n/
Mahindra,Scorpio N,Z8 L 4WD Diesel 2.2L Turbo Manual 7 STR,https://www.carwale.com/mahindra-cars/scorpio-n/z8-l-4wd-diesel-2-2l-turbo-manual-7-str/,https://www.carwale.com/mahindra-cars/scorpio-n/
Mahindra,Scorpio N,Z8 S 2WD Diesel 2.2L Turbo Automatic 7 STR,https://www.carwale.com/mahindra-cars/scorpio-n/z8-s-2wd-diesel-2-2l-turbo-automatic-7-str/,https://www.carwale.com/mahindra-cars/scorpio-n/
Mahindra,Scorpio N,Z8 S 2WD Diesel 2.2L Turbo Manual 7 STR,https://www.carwale.com/mahindra-cars/scorpio-n/z8-s-2wd-diesel-2-2l-turbo-manual-7-str/,https://www.carwale.com/mahindra-cars/scorpio-n/
Mahindra,Scorpio N,Z8 S 2WD Petrol 2.0L Turbo Automatic 7 STR,https://www.carwale.com/mahindra-cars/scorpio-n/z8-s-2wd-petrol-2-0l-turbo-automatic-7-str/,https://www.carwale.com/mahindra-cars/scorpio-n/
Mahindra,Scorpio N,Z8 S 2WD Petrol 2.0L Turbo Manual 7 STR,https://www.carwale.com/mahindra-cars/scorpio-n/z8-s-2wd-petrol-2-0l-turbo-manual-7-str/,https://www.carwale.com/mahindra-cars/scorpio-n/
Mahindra,Scorpio N,Z8 T 2WD Diesel 2.2L Turbo Automatic 7 STR,https://www.carwale.com/mahindra-cars/scorpio-n/z8-t-2wd-diesel-2-2l-turbo-automatic-7-str/,https://www.carwale.com/mahindra-cars/scorpio-n/
Mahindra,Scorpio N,Z8 T 2WD Diesel 2.2L Turbo Manual 7 STR,https://www.carwale.com/mahindra-cars/scorpio-n/z8-t-2wd-diesel-2-2l-turbo-manual-7-str/,https://www.carwale.com/mahindra-cars/scorpio-n/
Mahindra,Scorpio N,Z8 T 2WD Petrol 2.0L Turbo Automatic 7 STR,https://www.carwale.com/mahindra-cars/scorpio-n/z8-t-2wd-petrol-2-0l-turbo-automatic-7-str/,https://www.carwale.com/mahindra-cars/scorpio-n/
Mahindra,Scorpio N,Z8 T 2WD Petrol 2.0L Turbo Manual 7 STR,https://www.carwale.com/mahindra-cars/scorpio-n/z8-t-2wd-petrol-2-0l-turbo-manual-7-str/,https://www.carwale.com/mahindra-cars/scorpio-n/
Mahindra,Scorpio N,Z8 T 4WD Diesel 2.2L Turbo Automatic 7 STR,https://www.carwale.com/mahindra-cars/scorpio-n/z8-t-4wd-diesel-2-2l-turbo-automatic-7-str/,https://www.carwale.com/mahindra-cars/scorpio-n/
Mahindra,Scorpio N,Z8 T 4WD Diesel 2.2L Turbo Manual 7 STR,https://www.carwale.com/mahindra-cars/scorpio-n/z8-t-4wd-diesel-2-2l-turbo-manual-7-str/,https://www.carwale.com/mahindra-cars/scorpio-n/
Mahindra,Xev 9E,Cineluxe Edition  79.0 kWh 11.2kW Charger,https://www.carwale.com/mahindra-cars/xev-9e/cineluxe-edition-79-0-kwh-11-2kw-charger/,https://www.carwale.com/mahindra-cars/xev-9e/
Mahindra,Xev 9E,Cineluxe Edition  79.0 kWh No Charger,https://www.carwale.com/mahindra-cars/xev-9e/cineluxe-edition-79-0-kwh-no-charger/,https://www.carwale.com/mahindra-cars/xev-9e/
Mahindra,Xev 9E,Pack One 59.0 kWh 11.2kW Charger,https://www.carwale.com/mahindra-cars/xev-9e/pack-one-59-0-kwh-11-2kw-charger/,https://www.carwale.com/mahindra-cars/xev-9e/
Mahindra,Xev 9E,Pack One 59.0 kWh 7.2kW Charger,https://www.carwale.com/mahindra-cars/xev-9e/pack-one-59-0-kwh-7-2kw-charger/,https://www.carwale.com/mahindra-cars/xev-9e/
Mahindra,Xev 9E,Pack One 59.0 kWh No Charger,https://www.carwale.com/mahindra-cars/xev-9e/pack-one-59-0-kwh-no-charger/,https://www.carwale.com/mahindra-cars/xev-9e/
Mahindra,Xev 9E,Pack Three 79.0 kWh 11.2kW Charger,https://www.carwale.com/mahindra-cars/xev-9e/pack-three-79-0-kwh-11-2kw-charger/,https://www.carwale.com/mahindra-cars/xev-9e/
Mahindra,Xev 9E,Pack Three 79.0 kWh No Charger,https://www.carwale.com/mahindra-cars/xev-9e/pack-three-79-0-kwh-no-charger/,https://www.carwale.com/mahindra-cars/xev-9e/
Mahindra,Xev 9E,Pack Three 79.0 kWh 7.2kW Charger,https://www.carwale.com/mahindra-cars/xev-9e/pack-three-79-0-kwh-7-2kw-charger/,https://www.carwale.com/mahindra-cars/xev-9e/
Mahindra,Xev 9E,Pack Three Select 59.0 kWh 7.2kW Charger,https://www.carwale.com/mahindra-cars/xev-9e/pack-three-select-59-0-kwh-7-2kw-charger/,https://www.carwale.com/mahindra-cars/xev-9e/
Mahindra,Xev 9E,Pack Three Select 59.0 kWh 11.2kW Charger,https://www.carwale.com/mahindra-cars/xev-9e/pack-three-select-59-0-kwh-11-2kw-charger/,https://www.carwale.com/mahindra-cars/xev-9e/
Mahindra,Xev 9E,Pack Two 59.0 kWh 11.2kW Charger,https://www.carwale.com/mahindra-cars/xev-9e/pack-two-59-0-kwh-11-2kw-charger/,https://www.carwale.com/mahindra-cars/xev-9e/
Mahindra,Xev 9E,Pack Two 59.0 kWh 7.2kW Charger,https://www.carwale.com/mahindra-cars/xev-9e/pack-two-59-0-kwh-7-2kw-charger/,https://www.carwale.com/mahindra-cars/xev-9e/
Mahindra,Xev 9E,Pack Two 59.0 kWh No Charger,https://www.carwale.com/mahindra-cars/xev-9e/pack-two-59-0-kwh-no-charger/,https://www.carwale.com/mahindra-cars/xev-9e/
Mahindra,Xev 9E,Pack Two 79.0 kWh 11.2kW Charger,https://www.carwale.com/mahindra-cars/xev-9e/pack-two-79-0-kwh-11-2kw-charger/,https://www.carwale.com/mahindra-cars/xev-9e/
Mahindra,Xev 9E,Pack Two 79.0 kWh 7.2kW Charger,https://www.carwale.com/mahindra-cars/xev-9e/pack-two-79-0-kwh-7-2kw-charger/,https://www.carwale.com/mahindra-cars/xev-9e/
Mahindra,Xev 9E,Pack Two 79.0 kWh No Charger,https://www.carwale.com/mahindra-cars/xev-9e/pack-two-79-0-kwh-no-charger/,https://www.carwale.com/mahindra-cars/xev-9e/
Mahindra,Xuv300 Turbosport,W8(O),https://www.carwale.com/mahindra-cars/xuv300-turbosport/w8-o/,https://www.carwale.com/mahindra-cars/xuv300-turbosport/
Mahindra,Xuv300 Turbosport,W8(O) Dual Tone [2022],https://www.carwale.com/mahindra-cars/xuv300-turbosport/w8-o-dual-tone-2022/,https://www.carwale.com/mahindra-cars/xuv300-turbosport/
Mahindra,Xuv300 Turbosport,W8(O) [2022],https://www.carwale.com/mahindra-cars/xuv300-turbosport/w8-o-2022/,https://www.carwale.com/mahindra-cars/xuv300-turbosport/
Mahindra,Xuv500,W11(O) [2018-2020],https://www.carwale.com/mahindra-cars/xuv500/w11-o-2018-2020/,https://www.carwale.com/mahindra-cars/xuv500/
Maruti Suzuki,Baleno,Alpha (O) 1.2 AT,https://www.carwale.com/maruti-suzuki-cars/baleno/alpha-o-1-2-at/,https://www.carwale.com/maruti-suzuki-cars/baleno/
Maruti Suzuki,Grand Vitara,Alpha (O) 2WD Petrol 1.5L Automatic (TC),https://www.carwale.com/maruti-suzuki-cars/grand-vitara/alpha-o-2wd-petrol-1-5l-automatic-tc/,https://www.carwale.com/maruti-suzuki-cars/grand-vitara/
Maruti Suzuki,Grand Vitara,Alpha (O) 2WD Petrol 1.5L Automatic (TC) Dual Tone,https://www.carwale.com/maruti-suzuki-cars/grand-vitara/alpha-o-2wd-petrol-1-5l-automatic-tc-dual-tone/,https://www.carwale.com/maruti-suzuki-cars/grand-vitara/
Maruti Suzuki,Grand Vitara,Alpha (O) 2WD Petrol 1.5L Manual,https://www.carwale.com/maruti-suzuki-cars/grand-vitara/alpha-o-2wd-petrol-1-5l-manual/,https://www.carwale.com/maruti-suzuki-cars/grand-vitara/
Maruti Suzuki,Grand Vitara,Alpha (O) 2WD Petrol 1.5L Manual Dual Tone,https://www.carwale.com/maruti-suzuki-cars/grand-vitara/alpha-o-2wd-petrol-1-5l-manual-dual-tone/,https://www.carwale.com/maruti-suzuki-cars/grand-vitara/
Maruti Suzuki,Grand Vitara,Alpha (O) AWD Petrol 1.5L Automatic (TC),https://www.carwale.com/maruti-suzuki-cars/grand-vitara/alpha-o-awd-petrol-1-5l-automatic-tc/,https://www.carwale.com/maruti-suzuki-cars/grand-vitara/
Maruti Suzuki,Grand Vitara,Alpha (O) AWD Petrol 1.5L Automatic (TC) Dual Tone,https://www.carwale.com/maruti-suzuki-cars/grand-vitara/alpha-o-awd-petrol-1-5l-automatic-tc-dual-tone/,https://www.carwale.com/maruti-suzuki-cars/grand-vitara/
Maruti Suzuki,Grand Vitara,Alpha 2WD Petrol 1.5L Automatic (TC),https://www.carwale.com/maruti-suzuki-cars/grand-vitara/alpha-2wd-petrol-1-5l-automatic-tc/,https://www.carwale.com/maruti-suzuki-cars/grand-vitara/
Maruti Suzuki,Grand Vitara,Alpha 2WD Petrol 1.5L Automatic (TC) Dual Tone,https://www.carwale.com/maruti-suzuki-cars/grand-vitara/alpha-2wd-petrol-1-5l-automatic-tc-dual-tone/,https://www.carwale.com/maruti-suzuki-cars/grand-vitara/
Maruti Suzuki,Grand Vitara,Alpha 2WD Petrol 1.5L Manual Dual Tone,https://www.carwale.com/maruti-suzuki-cars/grand-vitara/alpha-2wd-petrol-1-5l-manual-dual-tone/,https://www.carwale.com/maruti-suzuki-cars/grand-vitara/
Maruti Suzuki,Grand Vitara,Alpha 2WD Petrol 1.5L Manual,https://www.carwale.com/maruti-suzuki-cars/grand-vitara/alpha-2wd-petrol-1-5l-manual/,https://www.carwale.com/maruti-suzuki-cars/grand-vitara/
Maruti Suzuki,Grand Vitara,Alpha AWD Petrol 1.5L Automatic (TC),https://www.carwale.com/maruti-suzuki-cars/grand-vitara/alpha-awd-petrol-1-5l-automatic-tc/,https://www.carwale.com/maruti-suzuki-cars/grand-vitara/
Maruti Suzuki,Grand Vitara,Alpha Plus (O) 2WD Hybrid (Electric + Petrol) 1.5L Automatic (e-CVT) Dual Tone,https://www.carwale.com/maruti-suzuki-cars/grand-vitara/alpha-plus-o-2wd-hybrid-electric-petrol-1-5l-automatic-e-cvt-dual-tone/,https://www.carwale.com/maruti-suzuki-cars/grand-vitara/
Maruti Suzuki,Grand Vitara,Alpha AWD Petrol 1.5L Automatic (TC) Dual Tone,https://www.carwale.com/maruti-suzuki-cars/grand-vitara/alpha-awd-petrol-1-5l-automatic-tc-dual-tone/,https://www.carwale.com/maruti-suzuki-cars/grand-vitara/
Maruti Suzuki,Grand Vitara,Alpha Plus (O) 2WD Hybrid (Electric + Petrol) 1.5L Automatic (e-CVT),https://www.carwale.com/maruti-suzuki-cars/grand-vitara/alpha-plus-o-2wd-hybrid-electric-petrol-1-5l-automatic-e-cvt/,https://www.carwale.com/maruti-suzuki-cars/grand-vitara/
Maruti Suzuki,Grand Vitara,Alpha Plus 2WD Hybrid (Electric + Petrol) 1.5L Automatic (e-CVT),https://www.carwale.com/maruti-suzuki-cars/grand-vitara/alpha-plus-2wd-hybrid-electric-petrol-1-5l-automatic-e-cvt/,https://www.carwale.com/maruti-suzuki-cars/grand-vitara/
Maruti Suzuki,Grand Vitara,Alpha Plus 2WD Hybrid (Electric + Petrol) 1.5L Automatic (e-CVT) Dual Tone,https://www.carwale.com/maruti-suzuki-cars/grand-vitara/alpha-plus-2wd-hybrid-electric-petrol-1-5l-automatic-e-cvt-dual-tone/,https://www.carwale.com/maruti-suzuki-cars/grand-vitara/
Maruti Suzuki,Grand Vitara,Delta 2WD CNG 1.5L Manual,https://www.carwale.com/maruti-suzuki-cars/grand-vitara/delta-2wd-cng-1-5l-manual/,https://www.carwale.com/maruti-suzuki-cars/grand-vitara/
Maruti Suzuki,Grand Vitara,Delta 2WD Petrol 1.5L Automatic (TC),https://www.carwale.com/maruti-suzuki-cars/grand-vitara/delta-2wd-petrol-1-5l-automatic-tc/,https://www.carwale.com/maruti-suzuki-cars/grand-vitara/
Maruti Suzuki,Grand Vitara,Delta 2WD Petrol 1.5L Manual,https://www.carwale.com/maruti-suzuki-cars/grand-vitara/delta-2wd-petrol-1-5l-manual/,https://www.carwale.com/maruti-suzuki-cars/grand-vitara/
Maruti Suzuki,Grand Vitara,Delta Plus 2WD Hybrid (Electric + Petrol) 1.5L Automatic (e-CVT),https://www.carwale.com/maruti-suzuki-cars/grand-vitara/delta-plus-2wd-hybrid-electric-petrol-1-5l-automatic-e-cvt/,https://www.carwale.com/maruti-suzuki-cars/grand-vitara/
Maruti Suzuki,Grand Vitara,Sigma 2WD Petrol 1.5L Manual,https://www.carwale.com/maruti-suzuki-cars/grand-vitara/sigma-2wd-petrol-1-5l-manual/,https://www.carwale.com/maruti-suzuki-cars/grand-vitara/
Maruti Suzuki,Grand Vitara,Zeta (O) 2WD Petrol 1.5L Automatic (TC),https://www.carwale.com/maruti-suzuki-cars/grand-vitara/zeta-o-2wd-petrol-1-5l-automatic-tc/,https://www.carwale.com/maruti-suzuki-cars/grand-vitara/
Maruti Suzuki,Grand Vitara,Zeta (O) 2WD Petrol 1.5L Automatic (TC) Dual Tone,https://www.carwale.com/maruti-suzuki-cars/grand-vitara/zeta-o-2wd-petrol-1-5l-automatic-tc-dual-tone/,https://www.carwale.com/maruti-suzuki-cars/grand-vitara/
Maruti Suzuki,Grand Vitara,Zeta (O) 2WD Petrol 1.5L Manual,https://www.carwale.com/maruti-suzuki-cars/grand-vitara/zeta-o-2wd-petrol-1-5l-manual/,https://www.carwale.com/maruti-suzuki-cars/grand-vitara/
Maruti Suzuki,Grand Vitara,Zeta (O) 2WD Petrol 1.5L Manual Dual Tone,https://www.carwale.com/maruti-suzuki-cars/grand-vitara/zeta-o-2wd-petrol-1-5l-manual-dual-tone/,https://www.carwale.com/maruti-suzuki-cars/grand-vitara/
Maruti Suzuki,Grand Vitara,Zeta 2WD CNG 1.5L Manual,https://www.carwale.com/maruti-suzuki-cars/grand-vitara/zeta-2wd-cng-1-5l-manual/,https://www.carwale.com/maruti-suzuki-cars/grand-vitara/
Maruti Suzuki,Grand Vitara,Zeta 2WD Petrol 1.5L Automatic (TC),https://www.carwale.com/maruti-suzuki-cars/grand-vitara/zeta-2wd-petrol-1-5l-automatic-tc/,https://www.carwale.com/maruti-suzuki-cars/grand-vitara/
Maruti Suzuki,Grand Vitara,Zeta 2WD Petrol 1.5L Automatic (TC) Dual Tone,https://www.carwale.com/maruti-suzuki-cars/grand-vitara/zeta-2wd-petrol-1-5l-automatic-tc-dual-tone/,https://www.carwale.com/maruti-suzuki-cars/grand-vitara/
Maruti Suzuki,Grand Vitara,Zeta 2WD Petrol 1.5L Manual,https://www.carwale.com/maruti-suzuki-cars/grand-vitara/zeta-2wd-petrol-1-5l-manual/,https://www.carwale.com/maruti-suzuki-cars/grand-vitara/
Maruti Suzuki,Grand Vitara,Zeta 2WD Petrol 1.5L Manual Dual Tone,https://www.carwale.com/maruti-suzuki-cars/grand-vitara/zeta-2wd-petrol-1-5l-manual-dual-tone/,https://www.carwale.com/maruti-suzuki-cars/grand-vitara/
Maruti Suzuki,Grand Vitara,Zeta Plus (O) 2WD Hybrid (Electric + Petrol) 1.5L Automatic (e-CVT) Dual Tone,https://www.carwale.com/maruti-suzuki-cars/grand-vitara/zeta-plus-o-2wd-hybrid-electric-petrol-1-5l-automatic-e-cvt-dual-tone/,https://www.carwale.com/maruti-suzuki-cars/grand-vitara/
Maruti Suzuki,Grand Vitara,Zeta Plus 2WD Hybrid (Electric + Petrol) 1.5L Automatic (e-CVT),https://www.carwale.com/maruti-suzuki-cars/grand-vitara/zeta-plus-2wd-hybrid-electric-petrol-1-5l-automatic-e-cvt/,https://www.carwale.com/maruti-suzuki-cars/grand-vitara/
Maruti Suzuki,Grand Vitara,Zeta Plus (O) 2WD Hybrid (Electric + Petrol) 1.5L Automatic (e-CVT),https://www.carwale.com/maruti-suzuki-cars/grand-vitara/zeta-plus-o-2wd-hybrid-electric-petrol-1-5l-automatic-e-cvt/,https://www.carwale.com/maruti-suzuki-cars/grand-vitara/
Maruti Suzuki,Grand Vitara,Zeta Plus 2WD Hybrid (Electric + Petrol) 1.5L Automatic (e-CVT) Dual Tone,https://www.carwale.com/maruti-suzuki-cars/grand-vitara/zeta-plus-2wd-hybrid-electric-petrol-1-5l-automatic-e-cvt-dual-tone/,https://www.carwale.com/maruti-suzuki-cars/grand-vitara/
Maruti Suzuki,Ignis,Delta 1.2 MT [2023],https://www.carwale.com/maruti-suzuki-cars/ignis/delta-1-2-mt-2023/,https://www.carwale.com/maruti-suzuki-cars/ignis/
Maruti Suzuki,Ignis,Zeta 1.2 AMT [2023],https://www.carwale.com/maruti-suzuki-cars/ignis/zeta-1-2-amt-2023/,https://www.carwale.com/maruti-suzuki-cars/ignis/
Maruti Suzuki,Ignis,Zeta 1.2 MT [2023],https://www.carwale.com/maruti-suzuki-cars/ignis/zeta-1-2-mt-2023/,https://www.carwale.com/maruti-suzuki-cars/ignis/
Maruti Suzuki,Ciaz,Alpha 1.3 Diesel,https://www.carwale.com/maruti-suzuki-cars/ciaz/alpha-1-3-diesel/,https://www.carwale.com/maruti-suzuki-cars/ciaz/
Maruti Suzuki,Ciaz,Alpha 1.5 Diesel,https://www.carwale.com/maruti-suzuki-cars/ciaz/alpha-1-5-diesel/,https://www.carwale.com/maruti-suzuki-cars/ciaz/
Maruti Suzuki,Ciaz,Alpha 1.5 Hybrid [2020-2023],https://www.carwale.com/maruti-suzuki-cars/ciaz/alpha-1-5-hybrid-2020-2023/,https://www.carwale.com/maruti-suzuki-cars/ciaz/
Maruti Suzuki,Ciaz,Alpha Hybrid 1.5 [2018-2020],https://www.carwale.com/maruti-suzuki-cars/ciaz/alpha-hybrid-1-5-2018-2020/,https://www.carwale.com/maruti-suzuki-cars/ciaz/
Maruti Suzuki,Ciaz,Alpha Hybrid 1.5 AT [2018-2020],https://www.carwale.com/maruti-suzuki-cars/ciaz/alpha-hybrid-1-5-at-2018-2020/,https://www.carwale.com/maruti-suzuki-cars/ciaz/
Maruti Suzuki,Ciaz,Alpha Petrol 1.5L 5 Speed Manual,https://www.carwale.com/maruti-suzuki-cars/ciaz/alpha-petrol-1-5l-5-speed-manual/,https://www.carwale.com/maruti-suzuki-cars/ciaz/
Maruti Suzuki,Ciaz,Alpha Petrol 1.5L 5 Speed Manual Dual Tone,https://www.carwale.com/maruti-suzuki-cars/ciaz/alpha-petrol-1-5l-5-speed-manual-dual-tone/,https://www.carwale.com/maruti-suzuki-cars/ciaz/
Maruti Suzuki,Ciaz,Alpha Petrol 1.5L Automatic (TC),https://www.carwale.com/maruti-suzuki-cars/ciaz/alpha-petrol-1-5l-automatic-tc/,https://www.carwale.com/maruti-suzuki-cars/ciaz/
Maruti Suzuki,Ciaz,Alpha Petrol 1.5L Automatic (TC) Dual Tone,https://www.carwale.com/maruti-suzuki-cars/ciaz/alpha-petrol-1-5l-automatic-tc-dual-tone/,https://www.carwale.com/maruti-suzuki-cars/ciaz/
Maruti Suzuki,Ciaz,Delta 1.3 Diesel,https://www.carwale.com/maruti-suzuki-cars/ciaz/delta-1-3-diesel/,https://www.carwale.com/maruti-suzuki-cars/ciaz/
Maruti Suzuki,Ciaz,Delta 1.5 AT [2020-2023],https://www.carwale.com/maruti-suzuki-cars/ciaz/delta-1-5-at-2020-2023/,https://www.carwale.com/maruti-suzuki-cars/ciaz/
Maruti Suzuki,Ciaz,Delta 1.5 Diesel,https://www.carwale.com/maruti-suzuki-cars/ciaz/delta-1-5-diesel/,https://www.carwale.com/maruti-suzuki-cars/ciaz/
Maruti Suzuki,Ciaz,Delta 1.5 [2020-2023],https://www.carwale.com/maruti-suzuki-cars/ciaz/delta-1-5-2020-2023/,https://www.carwale.com/maruti-suzuki-cars/ciaz/
Maruti Suzuki,Ciaz,Delta Hybrid 1.5 [2018-2020],https://www.carwale.com/maruti-suzuki-cars/ciaz/delta-hybrid-1-5-2018-2020/,https://www.carwale.com/maruti-suzuki-cars/ciaz/
Maruti Suzuki,Ciaz,Delta Hybrid 1.5 AT [2018-2020],https://www.carwale.com/maruti-suzuki-cars/ciaz/delta-hybrid-1-5-at-2018-2020/,https://www.carwale.com/maruti-suzuki-cars/ciaz/
Maruti Suzuki,Ciaz,Delta Petrol 1.5L 5 Speed Manual,https://www.carwale.com/maruti-suzuki-cars/ciaz/delta-petrol-1-5l-5-speed-manual/,https://www.carwale.com/maruti-suzuki-cars/ciaz/
Maruti Suzuki,Ciaz,Delta Petrol 1.5L Automatic (TC),https://www.carwale.com/maruti-suzuki-cars/ciaz/delta-petrol-1-5l-automatic-tc/,https://www.carwale.com/maruti-suzuki-cars/ciaz/
Maruti Suzuki,Ciaz,S 1.5 MT,https://www.carwale.com/maruti-suzuki-cars/ciaz/s-1-5-mt/,https://www.carwale.com/maruti-suzuki-cars/ciaz/
Maruti Suzuki,Ciaz,S 1.5 MT [2020-2023],https://www.carwale.com/maruti-suzuki-cars/ciaz/s-1-5-mt-2020-2023/,https://www.carwale.com/maruti-suzuki-cars/ciaz/
Maruti Suzuki,Ciaz,Sigma 1.3 Diesel,https://www.carwale.com/maruti-suzuki-cars/ciaz/sigma-1-3-diesel/,https://www.carwale.com/maruti-suzuki-cars/ciaz/
Maruti Suzuki,Ciaz,Sigma 1.5 [2020-2023],https://www.carwale.com/maruti-suzuki-cars/ciaz/sigma-1-5-2020-2023/,https://www.carwale.com/maruti-suzuki-cars/ciaz/
Maruti Suzuki,Ciaz,Sigma Hybrid 1.5 [2018-2020],https://www.carwale.com/maruti-suzuki-cars/ciaz/sigma-hybrid-1-5-2018-2020/,https://www.carwale.com/maruti-suzuki-cars/ciaz/
Maruti Suzuki,Ciaz,Sigma Petrol 1.5L 5 Speed Manual,https://www.carwale.com/maruti-suzuki-cars/ciaz/sigma-petrol-1-5l-5-speed-manual/,https://www.carwale.com/maruti-suzuki-cars/ciaz/
Maruti Suzuki,Ciaz,Zeta 1.3 Diesel,https://www.carwale.com/maruti-suzuki-cars/ciaz/zeta-1-3-diesel/,https://www.carwale.com/maruti-suzuki-cars/ciaz/
Maruti Suzuki,Ciaz,Zeta 1.5 AT [2020-2023],https://www.carwale.com/maruti-suzuki-cars/ciaz/zeta-1-5-at-2020-2023/,https://www.carwale.com/maruti-suzuki-cars/ciaz/
Maruti Suzuki,Ciaz,Zeta 1.5 Diesel,https://www.carwale.com/maruti-suzuki-cars/ciaz/zeta-1-5-diesel/,https://www.carwale.com/maruti-suzuki-cars/ciaz/
Maruti Suzuki,Ciaz,Zeta 1.5 [2020-2023],https://www.carwale.com/maruti-suzuki-cars/ciaz/zeta-1-5-2020-2023/,https://www.carwale.com/maruti-suzuki-cars/ciaz/
Maruti Suzuki,Ciaz,Zeta Hybrid  1.5 [2018-2020],https://www.carwale.com/maruti-suzuki-cars/ciaz/zeta-hybrid-1-5-2018-2020/,https://www.carwale.com/maruti-suzuki-cars/ciaz/
Maruti Suzuki,Ciaz,Zeta Hybrid 1.5 AT [2018-2020],https://www.carwale.com/maruti-suzuki-cars/ciaz/zeta-hybrid-1-5-at-2018-2020/,https://www.carwale.com/maruti-suzuki-cars/ciaz/
Maruti Suzuki,Ciaz,Zeta Petrol 1.5L 5 Speed Manual,https://www.carwale.com/maruti-suzuki-cars/ciaz/zeta-petrol-1-5l-5-speed-manual/,https://www.carwale.com/maruti-suzuki-cars/ciaz/
Maruti Suzuki,Ciaz,Zeta Petrol 1.5L Automatic (TC),https://www.carwale.com/maruti-suzuki-cars/ciaz/zeta-petrol-1-5l-automatic-tc/,https://www.carwale.com/maruti-suzuki-cars/ciaz/
Mini,Countryman Electric,E 2WD 64.6 kWh,https://www.carwale.com/mini-cars/countryman-electric/e-2wd-64-6-kwh/,https://www.carwale.com/mini-cars/countryman-electric/
Nissan,Tekton,Gravite,https://www.carwale.com/nissan-cars/tekton/gravite/,https://www.carwale.com/nissan-cars/tekton/
Nissan,Tekton,Tekna Plus Hybrid (Electric + Petrol) Automatic (TC),https://www.carwale.com/nissan-cars/tekton/tekna-plus-hybrid-electric-petrol-automatic-tc/,https://www.carwale.com/nissan-cars/tekton/
Nissan,Tekton,X-Trail,https://www.carwale.com/nissan-cars/tekton/x-trail/,https://www.carwale.com/nissan-cars/tekton/
Nissan,Kicks,XE 1.5 D,https://www.carwale.com/nissan-cars/kicks/xe-1-5-d/,https://www.carwale.com/nissan-cars/kicks/
Nissan,Kicks,XL 1.5,https://www.carwale.com/nissan-cars/kicks/xl-1-5/,https://www.carwale.com/nissan-cars/kicks/
Nissan,Kicks,XL 1.5 D,https://www.carwale.com/nissan-cars/kicks/xl-1-5-d/,https://www.carwale.com/nissan-cars/kicks/
Nissan,Kicks,XL 1.5 D [2019-2019],https://www.carwale.com/nissan-cars/kicks/xl-1-5-d-2019-2019/,https://www.carwale.com/nissan-cars/kicks/
Nissan,Kicks,XL 1.5 [2019-2019],https://www.carwale.com/nissan-cars/kicks/xl-1-5-2019-2019/,https://www.carwale.com/nissan-cars/kicks/
Nissan,Kicks,XL 1.5 [2019-2020],https://www.carwale.com/nissan-cars/kicks/xl-1-5-2019-2020/,https://www.carwale.com/nissan-cars/kicks/
Nissan,Kicks,XV 1.5,https://www.carwale.com/nissan-cars/kicks/xv-1-5/,https://www.carwale.com/nissan-cars/kicks/
Nissan,Kicks,XV 1.5 D,https://www.carwale.com/nissan-cars/kicks/xv-1-5-d/,https://www.carwale.com/nissan-cars/kicks/
Nissan,Kicks,XV 1.5 D [2019-2019],https://www.carwale.com/nissan-cars/kicks/xv-1-5-d-2019-2019/,https://www.carwale.com/nissan-cars/kicks/
Nissan,Kicks,XV 1.5 [2019-2019],https://www.carwale.com/nissan-cars/kicks/xv-1-5-2019-2019/,https://www.carwale.com/nissan-cars/kicks/
Nissan,Kicks,XV 1.5 [2019-2020],https://www.carwale.com/nissan-cars/kicks/xv-1-5-2019-2020/,https://www.carwale.com/nissan-cars/kicks/
Nissan,Kicks,XV Pre (O) 1.5,https://www.carwale.com/nissan-cars/kicks/xv-pre-o-1-5/,https://www.carwale.com/nissan-cars/kicks/
Nissan,Kicks,XV Pre (O) 1.5 D [2019],https://www.carwale.com/nissan-cars/kicks/xv-pre-o-1-5-d-2019/,https://www.carwale.com/nissan-cars/kicks/
Nissan,Kicks,XV Pre 1.5,https://www.carwale.com/nissan-cars/kicks/xv-pre-1-5/,https://www.carwale.com/nissan-cars/kicks/
Nissan,Kicks,XV Pre 1.5 D [2019-2019],https://www.carwale.com/nissan-cars/kicks/xv-pre-1-5-d-2019-2019/,https://www.carwale.com/nissan-cars/kicks/
Nissan,Kicks,XV Turbo 1.3,https://www.carwale.com/nissan-cars/kicks/xv-turbo-1-3/,https://www.carwale.com/nissan-cars/kicks/
Renault,Kwid,CLIMBER 1.0 AMT [2024-2025],https://www.carwale.com/renault-cars/kwid/climber-1-0-amt-2024-2025/,https://www.carwale.com/renault-cars/kwid/
Renault,Kwid,RXE 1.0L CNG,https://www.carwale.com/renault-cars/kwid/rxe-1-0l-cng/,https://www.carwale.com/renault-cars/kwid/
Renault,Kwid,RXT 1.0 AMT [2023-2024],https://www.carwale.com/renault-cars/kwid/rxt-1-0-amt-2023-2024/,https://www.carwale.com/renault-cars/kwid/
Renault,Kwid,RXT 1.0 [2023-2024],https://www.carwale.com/renault-cars/kwid/rxt-1-0-2023-2024/,https://www.carwale.com/renault-cars/kwid/
Renault,Kwid,RXT 1.0L AMT,https://www.carwale.com/renault-cars/kwid/rxt-1-0l-amt/,https://www.carwale.com/renault-cars/kwid/
Skoda,Kylaq,Signature Plus 1.0 TSI AT (Lava Blue),https://www.carwale.com/skoda-cars/kylaq/signature-plus-1-0-tsi-at-lava-blue/,https://www.carwale.com/skoda-cars/kylaq/
Skoda,Kodiaq,L\u0026K Petrol Turbo Automatic 7 STR [2025-2026],https://www.carwale.com/skoda-cars/kodiaq/l-u0026k-petrol-turbo-automatic-7-str-2025-2026/,https://www.carwale.com/skoda-cars/kodiaq/
Skoda,Kodiaq,Selection L\u0026K Petrol Turbo Automatic 7 STR,https://www.carwale.com/skoda-cars/kodiaq/selection-l-u0026k-petrol-turbo-automatic-7-str/,https://www.carwale.com/skoda-cars/kodiaq/
Skoda,New Superb,Kodiaq,https://www.carwale.com/skoda-cars/new-superb/kodiaq/,https://www.carwale.com/skoda-cars/new-superb/
Skoda,New Superb,Kushaq,https://www.carwale.com/skoda-cars/new-superb/kushaq/,https://www.carwale.com/skoda-cars/new-superb/
Skoda,New Superb,Kylaq,https://www.carwale.com/skoda-cars/new-superb/kylaq/,https://www.carwale.com/skoda-cars/new-superb/
Skoda,New Superb,Octavia RS,https://www.carwale.com/skoda-cars/new-superb/octavia-rs/,https://www.carwale.com/skoda-cars/new-superb/
Skoda,New Superb,Slavia,https://www.carwale.com/skoda-cars/new-superb/slavia/,https://www.carwale.com/skoda-cars/new-superb/
Skoda,Enyaq,Kushaq,https://www.carwale.com/skoda-cars/enyaq/kushaq/,https://www.carwale.com/skoda-cars/enyaq/
Skoda,Enyaq,Kodiaq,https://www.carwale.com/skoda-cars/enyaq/kodiaq/,https://www.carwale.com/skoda-cars/enyaq/
Skoda,Enyaq,Kylaq,https://www.carwale.com/skoda-cars/enyaq/kylaq/,https://www.carwale.com/skoda-cars/enyaq/
Skoda,Enyaq,Octavia RS,https://www.carwale.com/skoda-cars/enyaq/octavia-rs/,https://www.carwale.com/skoda-cars/enyaq/
Skoda,Enyaq,Slavia,https://www.carwale.com/skoda-cars/enyaq/slavia/,https://www.carwale.com/skoda-cars/enyaq/
Skoda,Rapid Tsi,Active 1.0 TSI AT,https://www.carwale.com/skoda-cars/rapid-tsi/active-1-0-tsi-at/,https://www.carwale.com/skoda-cars/rapid-tsi/
Skoda,Rapid Tsi,Active 1.0 TSI MT,https://www.carwale.com/skoda-cars/rapid-tsi/active-1-0-tsi-mt/,https://www.carwale.com/skoda-cars/rapid-tsi/
Skoda,Laura,Active 1.8 TSI,https://www.carwale.com/skoda-cars/laura/active-1-8-tsi/,https://www.carwale.com/skoda-cars/laura/
Skoda,Laura,Ambiente 1.8 TSI,https://www.carwale.com/skoda-cars/laura/ambiente-1-8-tsi/,https://www.carwale.com/skoda-cars/laura/
Skoda,Laura,Ambiente 1.9 TDI AT,https://www.carwale.com/skoda-cars/laura/ambiente-1-9-tdi-at/,https://www.carwale.com/skoda-cars/laura/
Skoda,Laura,Ambiente 1.9 TDI MT,https://www.carwale.com/skoda-cars/laura/ambiente-1-9-tdi-mt/,https://www.carwale.com/skoda-cars/laura/
Skoda,Laura,Ambiente 2.0 TDI CR AT,https://www.carwale.com/skoda-cars/laura/ambiente-2-0-tdi-cr-at/,https://www.carwale.com/skoda-cars/laura/
Skoda,Laura,Ambiente 2.0 TDI CR MT,https://www.carwale.com/skoda-cars/laura/ambiente-2-0-tdi-cr-mt/,https://www.carwale.com/skoda-cars/laura/
Skoda,Laura,Ambition 1.8 TSI,https://www.carwale.com/skoda-cars/laura/ambition-1-8-tsi/,https://www.carwale.com/skoda-cars/laura/
Skoda,Laura,Ambition 1.8 TSI AT,https://www.carwale.com/skoda-cars/laura/ambition-1-8-tsi-at/,https://www.carwale.com/skoda-cars/laura/
Skoda,Laura,Ambition 2.0 TDI CR AT,https://www.carwale.com/skoda-cars/laura/ambition-2-0-tdi-cr-at/,https://www.carwale.com/skoda-cars/laura/
Skoda,Laura,Ambition 2.0 TDI CR MT,https://www.carwale.com/skoda-cars/laura/ambition-2-0-tdi-cr-mt/,https://www.carwale.com/skoda-cars/laura/
Skoda,Laura,Classic 1.8 TSI,https://www.carwale.com/skoda-cars/laura/classic-1-8-tsi/,https://www.carwale.com/skoda-cars/laura/
Skoda,Laura,Elegance 1.9 TDI MT,https://www.carwale.com/skoda-cars/laura/elegance-1-9-tdi-mt/,https://www.carwale.com/skoda-cars/laura/
Skoda,Laura,Elegance 1.9 TDI AT,https://www.carwale.com/skoda-cars/laura/elegance-1-9-tdi-at/,https://www.carwale.com/skoda-cars/laura/
Skoda,Laura,Elegance 2.0 TDI CR MT,https://www.carwale.com/skoda-cars/laura/elegance-2-0-tdi-cr-mt/,https://www.carwale.com/skoda-cars/laura/
Skoda,Fabia Scout,Scout 1.2 MPI,https://www.carwale.com/skoda-cars/fabia-scout/scout-1-2-mpi/,https://www.carwale.com/skoda-cars/fabia-scout/
Tata,Harrier,Adventure X Dark Edition Diesel 2.0L Turbo Automatic,https://www.carwale.com/tata-cars/harrier/adventure-x-dark-edition-diesel-2-0l-turbo-automatic/,https://www.carwale.com/tata-cars/harrier/
Tata,Harrier,Adventure X Dark Edition Diesel 2.0L Turbo Manual,https://www.carwale.com/tata-cars/harrier/adventure-x-dark-edition-diesel-2-0l-turbo-manual/,https://www.carwale.com/tata-cars/harrier/
Tata,Harrier,Adventure X Dark Edition Petrol 1.5L Turbo Automatic,https://www.carwale.com/tata-cars/harrier/adventure-x-dark-edition-petrol-1-5l-turbo-automatic/,https://www.carwale.com/tata-cars/harrier/
Tata,Harrier,Adventure X Dark Edition Petrol 1.5L Turbo Manual,https://www.carwale.com/tata-cars/harrier/adventure-x-dark-edition-petrol-1-5l-turbo-manual/,https://www.carwale.com/tata-cars/harrier/
Tata,Harrier,Adventure X Diesel 2.0L Turbo Automatic,https://www.carwale.com/tata-cars/harrier/adventure-x-diesel-2-0l-turbo-automatic/,https://www.carwale.com/tata-cars/harrier/
Tata,Harrier,Adventure X Diesel 2.0L Turbo Manual,https://www.carwale.com/tata-cars/harrier/adventure-x-diesel-2-0l-turbo-manual/,https://www.carwale.com/tata-cars/harrier/
Tata,Harrier,Adventure X Petrol 1.5L Turbo Automatic,https://www.carwale.com/tata-cars/harrier/adventure-x-petrol-1-5l-turbo-automatic/,https://www.carwale.com/tata-cars/harrier/
Tata,Harrier,Adventure X Petrol 1.5L Turbo Manual,https://www.carwale.com/tata-cars/harrier/adventure-x-petrol-1-5l-turbo-manual/,https://www.carwale.com/tata-cars/harrier/
Tata,Harrier,Adventure X Plus  Diesel 2.0L Turbo Manual,https://www.carwale.com/tata-cars/harrier/adventure-x-plus-diesel-2-0l-turbo-manual/,https://www.carwale.com/tata-cars/harrier/
Tata,Harrier,Adventure X Plus  Diesel 2.0L Turbo Automatic,https://www.carwale.com/tata-cars/harrier/adventure-x-plus-diesel-2-0l-turbo-automatic/,https://www.carwale.com/tata-cars/harrier/
Tata,Harrier,Adventure X Plus  Petrol 1.5L Turbo Automatic,https://www.carwale.com/tata-cars/harrier/adventure-x-plus-petrol-1-5l-turbo-automatic/,https://www.carwale.com/tata-cars/harrier/
Tata,Harrier,Adventure X Plus  Petrol 1.5L Turbo Manual,https://www.carwale.com/tata-cars/harrier/adventure-x-plus-petrol-1-5l-turbo-manual/,https://www.carwale.com/tata-cars/harrier/
Tata,Harrier,Fearless Ultra Diesel 2.0L Turbo Automatic,https://www.carwale.com/tata-cars/harrier/fearless-ultra-diesel-2-0l-turbo-automatic/,https://www.carwale.com/tata-cars/harrier/
Tata,Harrier,Fearless Ultra Diesel 2.0L Turbo Manual,https://www.carwale.com/tata-cars/harrier/fearless-ultra-diesel-2-0l-turbo-manual/,https://www.carwale.com/tata-cars/harrier/
Tata,Harrier,Fearless Ultra Petrol 1.5L Turbo Automatic,https://www.carwale.com/tata-cars/harrier/fearless-ultra-petrol-1-5l-turbo-automatic/,https://www.carwale.com/tata-cars/harrier/
Tata,Harrier,Fearless Ultra Red Dark Diesel 2.0L Turbo Automatic,https://www.carwale.com/tata-cars/harrier/fearless-ultra-red-dark-diesel-2-0l-turbo-automatic/,https://www.carwale.com/tata-cars/harrier/
Tata,Harrier,Fearless Ultra Petrol 1.5L Turbo Manual,https://www.carwale.com/tata-cars/harrier/fearless-ultra-petrol-1-5l-turbo-manual/,https://www.carwale.com/tata-cars/harrier/
Tata,Harrier,Fearless Ultra Red Dark Diesel 2.0L Turbo Manual,https://www.carwale.com/tata-cars/harrier/fearless-ultra-red-dark-diesel-2-0l-turbo-manual/,https://www.carwale.com/tata-cars/harrier/
Tata,Harrier,Fearless Ultra Red Dark Petrol 1.5L Turbo Automatic,https://www.carwale.com/tata-cars/harrier/fearless-ultra-red-dark-petrol-1-5l-turbo-automatic/,https://www.carwale.com/tata-cars/harrier/
Tata,Harrier,Fearless Ultra Red Dark Petrol 1.5L Turbo Manual,https://www.carwale.com/tata-cars/harrier/fearless-ultra-red-dark-petrol-1-5l-turbo-manual/,https://www.carwale.com/tata-cars/harrier/
Tata,Harrier,Fearless X Dark Edition Diesel 2.0L Turbo Manual,https://www.carwale.com/tata-cars/harrier/fearless-x-dark-edition-diesel-2-0l-turbo-manual/,https://www.carwale.com/tata-cars/harrier/
Tata,Harrier,Fearless X Dark Edition Diesel 2.0L Turbo Automatic,https://www.carwale.com/tata-cars/harrier/fearless-x-dark-edition-diesel-2-0l-turbo-automatic/,https://www.carwale.com/tata-cars/harrier/
Tata,Harrier,Fearless X Dark Edition Petrol 1.5L Turbo Automatic,https://www.carwale.com/tata-cars/harrier/fearless-x-dark-edition-petrol-1-5l-turbo-automatic/,https://www.carwale.com/tata-cars/harrier/
Tata,Harrier,Fearless X Dark Edition Petrol 1.5L Turbo Manual,https://www.carwale.com/tata-cars/harrier/fearless-x-dark-edition-petrol-1-5l-turbo-manual/,https://www.carwale.com/tata-cars/harrier/
Tata,Harrier,Fearless X Diesel 2.0L Turbo Automatic,https://www.carwale.com/tata-cars/harrier/fearless-x-diesel-2-0l-turbo-automatic/,https://www.carwale.com/tata-cars/harrier/
Tata,Harrier,Fearless X Diesel 2.0L Turbo Manual,https://www.carwale.com/tata-cars/harrier/fearless-x-diesel-2-0l-turbo-manual/,https://www.carwale.com/tata-cars/harrier/
Tata,Harrier,Fearless X Petrol 1.5L Turbo Automatic,https://www.carwale.com/tata-cars/harrier/fearless-x-petrol-1-5l-turbo-automatic/,https://www.carwale.com/tata-cars/harrier/
Tata,Harrier,Fearless X Petrol 1.5L Turbo Manual,https://www.carwale.com/tata-cars/harrier/fearless-x-petrol-1-5l-turbo-manual/,https://www.carwale.com/tata-cars/harrier/
Tata,Harrier,Fearless X Plus  Diesel 2.0L Turbo Automatic,https://www.carwale.com/tata-cars/harrier/fearless-x-plus-diesel-2-0l-turbo-automatic/,https://www.carwale.com/tata-cars/harrier/
Tata,Harrier,Fearless X Plus  Diesel 2.0L Turbo Manual,https://www.carwale.com/tata-cars/harrier/fearless-x-plus-diesel-2-0l-turbo-manual/,https://www.carwale.com/tata-cars/harrier/
Tata,Harrier,Fearless X Plus  Petrol 1.5L Turbo Automatic,https://www.carwale.com/tata-cars/harrier/fearless-x-plus-petrol-1-5l-turbo-automatic/,https://www.carwale.com/tata-cars/harrier/
Tata,Harrier,Fearless X Plus  Petrol 1.5L Turbo Manual,https://www.carwale.com/tata-cars/harrier/fearless-x-plus-petrol-1-5l-turbo-manual/,https://www.carwale.com/tata-cars/harrier/
Tata,Harrier,Pure X Dark Edition Diesel 2.0L Turbo Automatic,https://www.carwale.com/tata-cars/harrier/pure-x-dark-edition-diesel-2-0l-turbo-automatic/,https://www.carwale.com/tata-cars/harrier/
Tata,Harrier,Pure X Dark Edition Petrol 1.5L Turbo Automatic,https://www.carwale.com/tata-cars/harrier/pure-x-dark-edition-petrol-1-5l-turbo-automatic/,https://www.carwale.com/tata-cars/harrier/
Tata,Harrier,Pure X Dark Edition Diesel 2.0L Turbo Manual,https://www.carwale.com/tata-cars/harrier/pure-x-dark-edition-diesel-2-0l-turbo-manual/,https://www.carwale.com/tata-cars/harrier/
Tata,Harrier,Pure X Diesel 2.0L Turbo Automatic,https://www.carwale.com/tata-cars/harrier/pure-x-diesel-2-0l-turbo-automatic/,https://www.carwale.com/tata-cars/harrier/
Tata,Harrier,Pure X Diesel 2.0L Turbo Manual,https://www.carwale.com/tata-cars/harrier/pure-x-diesel-2-0l-turbo-manual/,https://www.carwale.com/tata-cars/harrier/
Tata,Harrier,Pure X Petrol 1.5L Turbo Automatic,https://www.carwale.com/tata-cars/harrier/pure-x-petrol-1-5l-turbo-automatic/,https://www.carwale.com/tata-cars/harrier/
Tata,Harrier,Pure X Petrol 1.5L Turbo Manual,https://www.carwale.com/tata-cars/harrier/pure-x-petrol-1-5l-turbo-manual/,https://www.carwale.com/tata-cars/harrier/
Tata,Harrier,Pure X Petrol 1.5L Turbo Manual Dark Edition,https://www.carwale.com/tata-cars/harrier/pure-x-petrol-1-5l-turbo-manual-dark-edition/,https://www.carwale.com/tata-cars/harrier/
Tata,Harrier,Smart Diesel 2.0L Turbo Manual,https://www.carwale.com/tata-cars/harrier/smart-diesel-2-0l-turbo-manual/,https://www.carwale.com/tata-cars/harrier/
Tata,Harrier,Smart Petrol 1.5L Turbo Manual,https://www.carwale.com/tata-cars/harrier/smart-petrol-1-5l-turbo-manual/,https://www.carwale.com/tata-cars/harrier/
Tata,Harrier,Stealth Edition Diesel 2.0L Turbo Automatic,https://www.carwale.com/tata-cars/harrier/stealth-edition-diesel-2-0l-turbo-automatic/,https://www.carwale.com/tata-cars/harrier/
Tata,Harrier,Stealth Edition Diesel 2.0L Turbo Manual,https://www.carwale.com/tata-cars/harrier/stealth-edition-diesel-2-0l-turbo-manual/,https://www.carwale.com/tata-cars/harrier/
Tata,Punch Ev,Adventure 40.0 kWh,https://www.carwale.com/tata-cars/punch-ev/adventure-40-0-kwh/,https://www.carwale.com/tata-cars/punch-ev/
Tata,Punch Ev,Empowered  40.0 kWh,https://www.carwale.com/tata-cars/punch-ev/empowered-40-0-kwh/,https://www.carwale.com/tata-cars/punch-ev/
Tata,Punch Ev,Smart 30.0 kWh,https://www.carwale.com/tata-cars/punch-ev/smart-30-0-kwh/,https://www.carwale.com/tata-cars/punch-ev/
Tata,Punch Ev,Smart Plus 30.0 kWh,https://www.carwale.com/tata-cars/punch-ev/smart-plus-30-0-kwh/,https://www.carwale.com/tata-cars/punch-ev/
Tata,Punch Ev,Smart Plus 40.0 kWh,https://www.carwale.com/tata-cars/punch-ev/smart-plus-40-0-kwh/,https://www.carwale.com/tata-cars/punch-ev/
Tata,Harrier Ev,Adventure 2WD 65.0 kWh,https://www.carwale.com/tata-cars/harrier-ev/adventure-2wd-65-0-kwh/,https://www.carwale.com/tata-cars/harrier-ev/
Tata,Harrier Ev,Adventure 2WD 65.0 kWh ACFC,https://www.carwale.com/tata-cars/harrier-ev/adventure-2wd-65-0-kwh-acfc/,https://www.carwale.com/tata-cars/harrier-ev/
Tata,Harrier Ev,Adventure S  2WD 65.0 kWh,https://www.carwale.com/tata-cars/harrier-ev/adventure-s-2wd-65-0-kwh/,https://www.carwale.com/tata-cars/harrier-ev/
Tata,Harrier Ev,Adventure S  2WD 65.0 kWh ACFC,https://www.carwale.com/tata-cars/harrier-ev/adventure-s-2wd-65-0-kwh-acfc/,https://www.carwale.com/tata-cars/harrier-ev/
Tata,Harrier Ev,Empowered 2WD 75.0 kWh,https://www.carwale.com/tata-cars/harrier-ev/empowered-2wd-75-0-kwh/,https://www.carwale.com/tata-cars/harrier-ev/
Tata,Harrier Ev,Empowered AWD 75.0 kWh,https://www.carwale.com/tata-cars/harrier-ev/empowered-awd-75-0-kwh/,https://www.carwale.com/tata-cars/harrier-ev/
Tata,Harrier Ev,Empowered 2WD 75.0 kWh ACFC,https://www.carwale.com/tata-cars/harrier-ev/empowered-2wd-75-0-kwh-acfc/,https://www.carwale.com/tata-cars/harrier-ev/
Tata,Harrier Ev,Empowered AWD 75.0 kWh ACFC,https://www.carwale.com/tata-cars/harrier-ev/empowered-awd-75-0-kwh-acfc/,https://www.carwale.com/tata-cars/harrier-ev/
Tata,Harrier Ev,Fearless Plus 2WD 65.0 kWh,https://www.carwale.com/tata-cars/harrier-ev/fearless-plus-2wd-65-0-kwh/,https://www.carwale.com/tata-cars/harrier-ev/
Tata,Harrier Ev,Fearless Plus 2WD 65.0 kWh ACFC,https://www.carwale.com/tata-cars/harrier-ev/fearless-plus-2wd-65-0-kwh-acfc/,https://www.carwale.com/tata-cars/harrier-ev/
Tata,Harrier Ev,Fearless Plus 2WD 75.0 kWh,https://www.carwale.com/tata-cars/harrier-ev/fearless-plus-2wd-75-0-kwh/,https://www.carwale.com/tata-cars/harrier-ev/
Tata,Harrier Ev,Fearless Plus 2WD 75.0 kWh ACFC,https://www.carwale.com/tata-cars/harrier-ev/fearless-plus-2wd-75-0-kwh-acfc/,https://www.carwale.com/tata-cars/harrier-ev/
Tata,Harrier Ev,Fearless Plus AWD 75.0 kWh,https://www.carwale.com/tata-cars/harrier-ev/fearless-plus-awd-75-0-kwh/,https://www.carwale.com/tata-cars/harrier-ev/
Tata,Safari,Accomplished Ultra Diesel 2.0L Turbo Automatic 6 STR,https://www.carwale.com/tata-cars/safari/accomplished-ultra-diesel-2-0l-turbo-automatic-6-str/,https://www.carwale.com/tata-cars/safari/
Tata,Safari,Accomplished Ultra Diesel 2.0L Turbo Manual 6 STR,https://www.carwale.com/tata-cars/safari/accomplished-ultra-diesel-2-0l-turbo-manual-6-str/,https://www.carwale.com/tata-cars/safari/
Tata,Safari,Accomplished Ultra Diesel 2.0L Turbo Automatic 7 STR,https://www.carwale.com/tata-cars/safari/accomplished-ultra-diesel-2-0l-turbo-automatic-7-str/,https://www.carwale.com/tata-cars/safari/
Tata,Safari,Accomplished Ultra Diesel 2.0L Turbo Manual 7 STR,https://www.carwale.com/tata-cars/safari/accomplished-ultra-diesel-2-0l-turbo-manual-7-str/,https://www.carwale.com/tata-cars/safari/
Tata,Safari,Accomplished Ultra Petrol 1.5L Turbo Automatic 6 STR,https://www.carwale.com/tata-cars/safari/accomplished-ultra-petrol-1-5l-turbo-automatic-6-str/,https://www.carwale.com/tata-cars/safari/
Tata,Safari,Accomplished Ultra Petrol 1.5L Turbo Manual 6 STR,https://www.carwale.com/tata-cars/safari/accomplished-ultra-petrol-1-5l-turbo-manual-6-str/,https://www.carwale.com/tata-cars/safari/
Tata,Safari,Accomplished Ultra Petrol 1.5L Turbo Automatic 7 STR,https://www.carwale.com/tata-cars/safari/accomplished-ultra-petrol-1-5l-turbo-automatic-7-str/,https://www.carwale.com/tata-cars/safari/
Tata,Safari,Accomplished Ultra Petrol 1.5L Turbo Manual 7 STR,https://www.carwale.com/tata-cars/safari/accomplished-ultra-petrol-1-5l-turbo-manual-7-str/,https://www.carwale.com/tata-cars/safari/
Tata,Safari,Accomplished Ultra Red Dark Diesel 2.0L Turbo Automatic 6 STR,https://www.carwale.com/tata-cars/safari/accomplished-ultra-red-dark-diesel-2-0l-turbo-automatic-6-str/,https://www.carwale.com/tata-cars/safari/
Tata,Safari,Accomplished Ultra Red Dark Diesel 2.0L Turbo Automatic 7 STR,https://www.carwale.com/tata-cars/safari/accomplished-ultra-red-dark-diesel-2-0l-turbo-automatic-7-str/,https://www.carwale.com/tata-cars/safari/
Tata,Safari,Accomplished Ultra Red Dark Diesel 2.0L Turbo Manual 7 STR,https://www.carwale.com/tata-cars/safari/accomplished-ultra-red-dark-diesel-2-0l-turbo-manual-7-str/,https://www.carwale.com/tata-cars/safari/
Tata,Safari,Accomplished Ultra Red Dark Diesel 2.0L Turbo Manual 6 STR,https://www.carwale.com/tata-cars/safari/accomplished-ultra-red-dark-diesel-2-0l-turbo-manual-6-str/,https://www.carwale.com/tata-cars/safari/
Tata,Safari,Accomplished Ultra Red Dark Petrol 1.5L Turbo Automatic 6 STR,https://www.carwale.com/tata-cars/safari/accomplished-ultra-red-dark-petrol-1-5l-turbo-automatic-6-str/,https://www.carwale.com/tata-cars/safari/
Tata,Safari,Accomplished Ultra Red Dark Petrol 1.5L Turbo Automatic 7 STR,https://www.carwale.com/tata-cars/safari/accomplished-ultra-red-dark-petrol-1-5l-turbo-automatic-7-str/,https://www.carwale.com/tata-cars/safari/
Tata,Safari,Accomplished Ultra Red Dark Petrol 1.5L Turbo Manual 6 STR,https://www.carwale.com/tata-cars/safari/accomplished-ultra-red-dark-petrol-1-5l-turbo-manual-6-str/,https://www.carwale.com/tata-cars/safari/
Tata,Safari,Accomplished Ultra Red Dark Petrol 1.5L Turbo Manual 7 STR,https://www.carwale.com/tata-cars/safari/accomplished-ultra-red-dark-petrol-1-5l-turbo-manual-7-str/,https://www.carwale.com/tata-cars/safari/
Tata,Safari,Accomplished X Dark Diesel 2.0L Turbo Automatic 7 STR,https://www.carwale.com/tata-cars/safari/accomplished-x-dark-diesel-2-0l-turbo-automatic-7-str/,https://www.carwale.com/tata-cars/safari/
Tata,Safari,Accomplished X Dark Diesel 2.0L Turbo Manual 7 STR,https://www.carwale.com/tata-cars/safari/accomplished-x-dark-diesel-2-0l-turbo-manual-7-str/,https://www.carwale.com/tata-cars/safari/
Tata,Safari,Accomplished X Dark Petrol 1.5L Turbo Automatic 7 STR,https://www.carwale.com/tata-cars/safari/accomplished-x-dark-petrol-1-5l-turbo-automatic-7-str/,https://www.carwale.com/tata-cars/safari/
Tata,Safari,Accomplished X Dark Petrol 1.5L Turbo Manual 7 STR,https://www.carwale.com/tata-cars/safari/accomplished-x-dark-petrol-1-5l-turbo-manual-7-str/,https://www.carwale.com/tata-cars/safari/
Tata,Safari,Accomplished X Diesel 2.0L Turbo Automatic 7 STR,https://www.carwale.com/tata-cars/safari/accomplished-x-diesel-2-0l-turbo-automatic-7-str/,https://www.carwale.com/tata-cars/safari/
Tata,Safari,Accomplished X Petrol 1.5L Turbo Manual 7 STR,https://www.carwale.com/tata-cars/safari/accomplished-x-petrol-1-5l-turbo-manual-7-str/,https://www.carwale.com/tata-cars/safari/
Tata,Safari,Accomplished X Plus  Diesel 2.0L Turbo Automatic 7 STR,https://www.carwale.com/tata-cars/safari/accomplished-x-plus-diesel-2-0l-turbo-automatic-7-str/,https://www.carwale.com/tata-cars/safari/
Tata,Safari,Accomplished X Petrol 1.5L Turbo Automatic 7 STR,https://www.carwale.com/tata-cars/safari/accomplished-x-petrol-1-5l-turbo-automatic-7-str/,https://www.carwale.com/tata-cars/safari/
Tata,Safari,Accomplished X Plus  Diesel 2.0L Turbo Manual 6 STR,https://www.carwale.com/tata-cars/safari/accomplished-x-plus-diesel-2-0l-turbo-manual-6-str/,https://www.carwale.com/tata-cars/safari/
Tata,Safari,Accomplished X Plus  Diesel 2.0L Turbo Automatic 6 STR,https://www.carwale.com/tata-cars/safari/accomplished-x-plus-diesel-2-0l-turbo-automatic-6-str/,https://www.carwale.com/tata-cars/safari/
Tata,Safari,Accomplished X Plus  Diesel 2.0L Turbo Manual 7 STR,https://www.carwale.com/tata-cars/safari/accomplished-x-plus-diesel-2-0l-turbo-manual-7-str/,https://www.carwale.com/tata-cars/safari/
Tata,Safari,Accomplished X Diesel 2.0L Turbo Manual 7 STR,https://www.carwale.com/tata-cars/safari/accomplished-x-diesel-2-0l-turbo-manual-7-str/,https://www.carwale.com/tata-cars/safari/
Tata,Safari,Accomplished X Plus  Petrol 1.5L Turbo Automatic 6 STR,https://www.carwale.com/tata-cars/safari/accomplished-x-plus-petrol-1-5l-turbo-automatic-6-str/,https://www.carwale.com/tata-cars/safari/
Tata,Safari,Accomplished X Plus  Petrol 1.5L Turbo Automatic 7 STR,https://www.carwale.com/tata-cars/safari/accomplished-x-plus-petrol-1-5l-turbo-automatic-7-str/,https://www.carwale.com/tata-cars/safari/
Tata,Safari,Accomplished X Plus  Petrol 1.5L Turbo Manual 6 STR,https://www.carwale.com/tata-cars/safari/accomplished-x-plus-petrol-1-5l-turbo-manual-6-str/,https://www.carwale.com/tata-cars/safari/
Tata,Safari,Accomplished X Plus  Petrol 1.5L Turbo Manual 7 STR,https://www.carwale.com/tata-cars/safari/accomplished-x-plus-petrol-1-5l-turbo-manual-7-str/,https://www.carwale.com/tata-cars/safari/
Tata,Safari,Accomplished X Plus Dark Diesel 2.0L Turbo Automatic 6 STR,https://www.carwale.com/tata-cars/safari/accomplished-x-plus-dark-diesel-2-0l-turbo-automatic-6-str/,https://www.carwale.com/tata-cars/safari/
Tata,Safari,Accomplished X Plus Dark Diesel 2.0L Turbo Automatic 7 STR,https://www.carwale.com/tata-cars/safari/accomplished-x-plus-dark-diesel-2-0l-turbo-automatic-7-str/,https://www.carwale.com/tata-cars/safari/
Tata,Safari,Accomplished X Plus Dark Diesel 2.0L Turbo Manual 6 STR,https://www.carwale.com/tata-cars/safari/accomplished-x-plus-dark-diesel-2-0l-turbo-manual-6-str/,https://www.carwale.com/tata-cars/safari/
Tata,Safari,Accomplished X Plus Dark Diesel 2.0L Turbo Manual 7 STR,https://www.carwale.com/tata-cars/safari/accomplished-x-plus-dark-diesel-2-0l-turbo-manual-7-str/,https://www.carwale.com/tata-cars/safari/
Tata,Safari,Accomplished X Plus Dark Petrol 1.5L Turbo Automatic 6 STR,https://www.carwale.com/tata-cars/safari/accomplished-x-plus-dark-petrol-1-5l-turbo-automatic-6-str/,https://www.carwale.com/tata-cars/safari/
Tata,Safari,Accomplished X Plus Dark Petrol 1.5L Turbo Automatic 7 STR,https://www.carwale.com/tata-cars/safari/accomplished-x-plus-dark-petrol-1-5l-turbo-automatic-7-str/,https://www.carwale.com/tata-cars/safari/
Tata,Safari,Accomplished X Plus Dark Petrol 1.5L Turbo Manual 6 STR,https://www.carwale.com/tata-cars/safari/accomplished-x-plus-dark-petrol-1-5l-turbo-manual-6-str/,https://www.carwale.com/tata-cars/safari/
Tata,Safari,Accomplished X Plus Dark Petrol 1.5L Turbo Manual 7 STR,https://www.carwale.com/tata-cars/safari/accomplished-x-plus-dark-petrol-1-5l-turbo-manual-7-str/,https://www.carwale.com/tata-cars/safari/
Tata,Safari,Adventure X Plus  Diesel 2.0L Turbo Automatic 7 STR,https://www.carwale.com/tata-cars/safari/adventure-x-plus-diesel-2-0l-turbo-automatic-7-str/,https://www.carwale.com/tata-cars/safari/
Tata,Safari,Adventure X Plus  Petrol 1.5L Turbo Automatic 7 STR,https://www.carwale.com/tata-cars/safari/adventure-x-plus-petrol-1-5l-turbo-automatic-7-str/,https://www.carwale.com/tata-cars/safari/
Tata,Safari,Adventure X Plus  Diesel 2.0L Turbo Manual 7 STR,https://www.carwale.com/tata-cars/safari/adventure-x-plus-diesel-2-0l-turbo-manual-7-str/,https://www.carwale.com/tata-cars/safari/
Tata,Safari,Adventure X Plus  Petrol 1.5L Turbo Manual 7 STR,https://www.carwale.com/tata-cars/safari/adventure-x-plus-petrol-1-5l-turbo-manual-7-str/,https://www.carwale.com/tata-cars/safari/
Tata,Safari,Adventure X Plus Dark Diesel 2.0L Turbo Automatic 7 STR,https://www.carwale.com/tata-cars/safari/adventure-x-plus-dark-diesel-2-0l-turbo-automatic-7-str/,https://www.carwale.com/tata-cars/safari/
Tata,Safari,Adventure X Plus Dark Diesel 2.0L Turbo Manual 7 STR,https://www.carwale.com/tata-cars/safari/adventure-x-plus-dark-diesel-2-0l-turbo-manual-7-str/,https://www.carwale.com/tata-cars/safari/
Tata,Safari,Adventure X Plus Dark Petrol 1.5L Turbo Automatic 7 STR,https://www.carwale.com/tata-cars/safari/adventure-x-plus-dark-petrol-1-5l-turbo-automatic-7-str/,https://www.carwale.com/tata-cars/safari/
Tata,Safari,Adventure X Plus Dark Petrol 1.5L Turbo Manual 7 STR,https://www.carwale.com/tata-cars/safari/adventure-x-plus-dark-petrol-1-5l-turbo-manual-7-str/,https://www.carwale.com/tata-cars/safari/
Tata,Safari,Pure X Dark Edition Diesel 2.0L Turbo Automatic 7 STR,https://www.carwale.com/tata-cars/safari/pure-x-dark-edition-diesel-2-0l-turbo-automatic-7-str/,https://www.carwale.com/tata-cars/safari/
Tata,Safari,Pure X Dark Edition Diesel 2.0L Turbo Manual 7 STR,https://www.carwale.com/tata-cars/safari/pure-x-dark-edition-diesel-2-0l-turbo-manual-7-str/,https://www.carwale.com/tata-cars/safari/
Tata,Safari,Pure X Dark Edition Petrol 1.5L Turbo Automatic 7 STR,https://www.carwale.com/tata-cars/safari/pure-x-dark-edition-petrol-1-5l-turbo-automatic-7-str/,https://www.carwale.com/tata-cars/safari/
Tata,Safari,Pure X Dark Petrol 1.5L Turbo Manual 7 STR,https://www.carwale.com/tata-cars/safari/pure-x-dark-petrol-1-5l-turbo-manual-7-str/,https://www.carwale.com/tata-cars/safari/
Tata,Safari,Pure X Diesel 2.0L Turbo Automatic 7 STR,https://www.carwale.com/tata-cars/safari/pure-x-diesel-2-0l-turbo-automatic-7-str/,https://www.carwale.com/tata-cars/safari/
Tata,Safari,Pure X Petrol 1.5L Turbo Automatic 7 STR,https://www.carwale.com/tata-cars/safari/pure-x-petrol-1-5l-turbo-automatic-7-str/,https://www.carwale.com/tata-cars/safari/
Tata,Safari,Pure X Diesel 2.0L Turbo Manual 7 STR,https://www.carwale.com/tata-cars/safari/pure-x-diesel-2-0l-turbo-manual-7-str/,https://www.carwale.com/tata-cars/safari/
Tata,Safari,Pure X Petrol 1.5L Turbo Manual 7 STR,https://www.carwale.com/tata-cars/safari/pure-x-petrol-1-5l-turbo-manual-7-str/,https://www.carwale.com/tata-cars/safari/
Tata,Safari,Smart Diesel 2.0L Turbo Manual 7 STR,https://www.carwale.com/tata-cars/safari/smart-diesel-2-0l-turbo-manual-7-str/,https://www.carwale.com/tata-cars/safari/
Tata,Safari,Smart Petrol 1.5L Turbo Manual 7 STR,https://www.carwale.com/tata-cars/safari/smart-petrol-1-5l-turbo-manual-7-str/,https://www.carwale.com/tata-cars/safari/
Tata,Nexon Ev,Creative Plus 30.0 kWh,https://www.carwale.com/tata-cars/nexon-ev/creative-plus-30-0-kwh/,https://www.carwale.com/tata-cars/nexon-ev/
Tata,Nexon Ev,Fearless 30.0 kWh,https://www.carwale.com/tata-cars/nexon-ev/fearless-30-0-kwh/,https://www.carwale.com/tata-cars/nexon-ev/
Tata,Curvv Ev,Empowered X 55.0 kWh,https://www.carwale.com/tata-cars/curvv-ev/empowered-x-55-0-kwh/,https://www.carwale.com/tata-cars/curvv-ev/
Tata,Curvv Ev,Empowered X 55.0 kWh Dark edition,https://www.carwale.com/tata-cars/curvv-ev/empowered-x-55-0-kwh-dark-edition/,https://www.carwale.com/tata-cars/curvv-ev/
Tata,Sierra Ev,Adventure 2WD 55.0 kWh,https://www.carwale.com/tata-cars/sierra-ev/adventure-2wd-55-0-kwh/,https://www.carwale.com/tata-cars/sierra-ev/
Tata,Sierra Ev,Empowered 2WD 60.0 kWh,https://www.carwale.com/tata-cars/sierra-ev/empowered-2wd-60-0-kwh/,https://www.carwale.com/tata-cars/sierra-ev/
Tata,Sierra Ev,Adventure S 2WD 55.0 kWh,https://www.carwale.com/tata-cars/sierra-ev/adventure-s-2wd-55-0-kwh/,https://www.carwale.com/tata-cars/sierra-ev/
Tata,Sierra Ev,Empowered QWD AWD 60.0 kWh,https://www.carwale.com/tata-cars/sierra-ev/empowered-qwd-awd-60-0-kwh/,https://www.carwale.com/tata-cars/sierra-ev/
Tata,Sierra Ev,Empowered Stealth QWD AWD 60.0 kWh,https://www.carwale.com/tata-cars/sierra-ev/empowered-stealth-qwd-awd-60-0-kwh/,https://www.carwale.com/tata-cars/sierra-ev/
Tata,Sierra Ev,Fearless Plus 2WD 55.0 kWh,https://www.carwale.com/tata-cars/sierra-ev/fearless-plus-2wd-55-0-kwh/,https://www.carwale.com/tata-cars/sierra-ev/
Tata,Sierra Ev,Fearless Plus 2WD 60.0 kWh,https://www.carwale.com/tata-cars/sierra-ev/fearless-plus-2wd-60-0-kwh/,https://www.carwale.com/tata-cars/sierra-ev/
Tata,Sierra Ev,Nexon,https://www.carwale.com/tata-cars/sierra-ev/nexon/,https://www.carwale.com/tata-cars/sierra-ev/
Tata,Sierra Ev,Sierra,https://www.carwale.com/tata-cars/sierra-ev/sierra/,https://www.carwale.com/tata-cars/sierra-ev/
Tata,Sierra Ev,Tiago EV,https://www.carwale.com/tata-cars/sierra-ev/tiago-ev/,https://www.carwale.com/tata-cars/sierra-ev/
Tata,Sierra Ev,Tiago,https://www.carwale.com/tata-cars/sierra-ev/tiago/,https://www.carwale.com/tata-cars/sierra-ev/
Tata,New Tigor,Nexon,https://www.carwale.com/tata-cars/new-tigor/nexon/,https://www.carwale.com/tata-cars/new-tigor/
Tata,New Tigor,Sierra,https://www.carwale.com/tata-cars/new-tigor/sierra/,https://www.carwale.com/tata-cars/new-tigor/
Tata,New Tigor,Tiago,https://www.carwale.com/tata-cars/new-tigor/tiago/,https://www.carwale.com/tata-cars/new-tigor/
Tata,New Tigor Ev,Creative Plus 26.0 kWh,https://www.carwale.com/tata-cars/new-tigor-ev/creative-plus-26-0-kwh/,https://www.carwale.com/tata-cars/new-tigor-ev/
Tata,New Tigor,Tiago EV,https://www.carwale.com/tata-cars/new-tigor/tiago-ev/,https://www.carwale.com/tata-cars/new-tigor/
Tata,New Tigor Ev,Nexon,https://www.carwale.com/tata-cars/new-tigor-ev/nexon/,https://www.carwale.com/tata-cars/new-tigor-ev/
Tata,New Tigor Ev,Sierra,https://www.carwale.com/tata-cars/new-tigor-ev/sierra/,https://www.carwale.com/tata-cars/new-tigor-ev/
Tata,New Tigor Ev,Tiago,https://www.carwale.com/tata-cars/new-tigor-ev/tiago/,https://www.carwale.com/tata-cars/new-tigor-ev/
Tata,New Tigor Ev,Tiago EV,https://www.carwale.com/tata-cars/new-tigor-ev/tiago-ev/,https://www.carwale.com/tata-cars/new-tigor-ev/
Tata,Altroz Ev,Nexon,https://www.carwale.com/tata-cars/altroz-ev/nexon/,https://www.carwale.com/tata-cars/altroz-ev/
Tata,Altroz Ev,Sierra,https://www.carwale.com/tata-cars/altroz-ev/sierra/,https://www.carwale.com/tata-cars/altroz-ev/
Tata,Altroz Ev,Tiago,https://www.carwale.com/tata-cars/altroz-ev/tiago/,https://www.carwale.com/tata-cars/altroz-ev/
Tata,Altroz Ev,Tiago EV,https://www.carwale.com/tata-cars/altroz-ev/tiago-ev/,https://www.carwale.com/tata-cars/altroz-ev/
Tata,Avinya,Nexon,https://www.carwale.com/tata-cars/avinya/nexon/,https://www.carwale.com/tata-cars/avinya/
Tata,Avinya,Sierra,https://www.carwale.com/tata-cars/avinya/sierra/,https://www.carwale.com/tata-cars/avinya/
Tata,Avinya,Tiago,https://www.carwale.com/tata-cars/avinya/tiago/,https://www.carwale.com/tata-cars/avinya/
Tata,Avinya,Tiago EV,https://www.carwale.com/tata-cars/avinya/tiago-ev/,https://www.carwale.com/tata-cars/avinya/
Tesla,Model 3,Model Y,https://www.carwale.com/tesla-cars/model-3/model-y/,https://www.carwale.com/tesla-cars/model-3/
Toyota,Hyryder,E 2WD Petrol 1.5L Manual,https://www.carwale.com/toyota-cars/hyryder/e-2wd-petrol-1-5l-manual/,https://www.carwale.com/toyota-cars/hyryder/
Toyota,Hyryder,G (O) 2WD Hybrid (Electric + Petrol) 1.5L Automatic (e-CVT),https://www.carwale.com/toyota-cars/hyryder/g-o-2wd-hybrid-electric-petrol-1-5l-automatic-e-cvt/,https://www.carwale.com/toyota-cars/hyryder/
Toyota,Hyryder,G (O) 2WD Hybrid (Electric + Petrol) 1.5L Automatic (e-CVT) Dual Tone,https://www.carwale.com/toyota-cars/hyryder/g-o-2wd-hybrid-electric-petrol-1-5l-automatic-e-cvt-dual-tone/,https://www.carwale.com/toyota-cars/hyryder/
Toyota,Hyryder,G (O) 2WD Petrol 1.5L Automatic (TC),https://www.carwale.com/toyota-cars/hyryder/g-o-2wd-petrol-1-5l-automatic-tc/,https://www.carwale.com/toyota-cars/hyryder/
Toyota,Hyryder,G (O) 2WD Petrol 1.5L Manual,https://www.carwale.com/toyota-cars/hyryder/g-o-2wd-petrol-1-5l-manual/,https://www.carwale.com/toyota-cars/hyryder/
Toyota,Hyryder,G 2WD CNG 1.5L Manual,https://www.carwale.com/toyota-cars/hyryder/g-2wd-cng-1-5l-manual/,https://www.carwale.com/toyota-cars/hyryder/
Toyota,Hyryder,S 2WD CNG 1.5L Manual,https://www.carwale.com/toyota-cars/hyryder/s-2wd-cng-1-5l-manual/,https://www.carwale.com/toyota-cars/hyryder/
Toyota,Hyryder,S 2WD Hybrid (Electric + Petrol) 1.5L Automatic (e-CVT),https://www.carwale.com/toyota-cars/hyryder/s-2wd-hybrid-electric-petrol-1-5l-automatic-e-cvt/,https://www.carwale.com/toyota-cars/hyryder/
Toyota,Hyryder,S 2WD Petrol 1.5L Automatic (TC),https://www.carwale.com/toyota-cars/hyryder/s-2wd-petrol-1-5l-automatic-tc/,https://www.carwale.com/toyota-cars/hyryder/
Toyota,Hyryder,S 2WD Petrol 1.5L Manual,https://www.carwale.com/toyota-cars/hyryder/s-2wd-petrol-1-5l-manual/,https://www.carwale.com/toyota-cars/hyryder/
Toyota,Hyryder,V 2WD Hybrid (Electric + Petrol) 1.5L Automatic (e-CVT),https://www.carwale.com/toyota-cars/hyryder/v-2wd-hybrid-electric-petrol-1-5l-automatic-e-cvt/,https://www.carwale.com/toyota-cars/hyryder/
Toyota,Hyryder,V 2WD Hybrid (Electric + Petrol) 1.5L Automatic (e-CVT) Dual Tone,https://www.carwale.com/toyota-cars/hyryder/v-2wd-hybrid-electric-petrol-1-5l-automatic-e-cvt-dual-tone/,https://www.carwale.com/toyota-cars/hyryder/
Toyota,Hyryder,V 2WD Petrol 1.5L Automatic (TC),https://www.carwale.com/toyota-cars/hyryder/v-2wd-petrol-1-5l-automatic-tc/,https://www.carwale.com/toyota-cars/hyryder/
Toyota,Hyryder,V 2WD Petrol 1.5L Automatic (TC) Dual Tone,https://www.carwale.com/toyota-cars/hyryder/v-2wd-petrol-1-5l-automatic-tc-dual-tone/,https://www.carwale.com/toyota-cars/hyryder/
Toyota,Hyryder,V 2WD Petrol 1.5L Manual,https://www.carwale.com/toyota-cars/hyryder/v-2wd-petrol-1-5l-manual/,https://www.carwale.com/toyota-cars/hyryder/
Toyota,Hyryder,V 2WD Petrol 1.5L Manual Dual Tone,https://www.carwale.com/toyota-cars/hyryder/v-2wd-petrol-1-5l-manual-dual-tone/,https://www.carwale.com/toyota-cars/hyryder/
Toyota,Hyryder,V AWD Petrol 1.5L Automatic (TC),https://www.carwale.com/toyota-cars/hyryder/v-awd-petrol-1-5l-automatic-tc/,https://www.carwale.com/toyota-cars/hyryder/
Toyota,Hyryder,V AWD Petrol 1.5L Automatic (TC) Dual Tone,https://www.carwale.com/toyota-cars/hyryder/v-awd-petrol-1-5l-automatic-tc-dual-tone/,https://www.carwale.com/toyota-cars/hyryder/
Toyota,Innova Hycross,VX (O) Hybrid (Electric + Petrol) Automatic (e-CVT) 7 STR,https://www.carwale.com/toyota-cars/innova-hycross/vx-o-hybrid-electric-petrol-automatic-e-cvt-7-str/,https://www.carwale.com/toyota-cars/innova-hycross/
Toyota,Innova Hycross,VX (O) Hybrid (Electric + Petrol) Automatic (e-CVT) 7 STR Platinum White Pearl,https://www.carwale.com/toyota-cars/innova-hycross/vx-o-hybrid-electric-petrol-automatic-e-cvt-7-str-platinum-white-pearl/,https://www.carwale.com/toyota-cars/innova-hycross/
Toyota,Innova Hycross,VX (O) Hybrid (Electric + Petrol) Automatic (e-CVT) 8 STR,https://www.carwale.com/toyota-cars/innova-hycross/vx-o-hybrid-electric-petrol-automatic-e-cvt-8-str/,https://www.carwale.com/toyota-cars/innova-hycross/
Toyota,Innova Hycross,VX (O) Hybrid (Electric + Petrol) Automatic (e-CVT) 8 STR Platinum White Pearl,https://www.carwale.com/toyota-cars/innova-hycross/vx-o-hybrid-electric-petrol-automatic-e-cvt-8-str-platinum-white-pearl/,https://www.carwale.com/toyota-cars/innova-hycross/
Toyota,Innova Hycross,VX Hybrid (Electric + Petrol) Automatic (e-CVT) 7 STR,https://www.carwale.com/toyota-cars/innova-hycross/vx-hybrid-electric-petrol-automatic-e-cvt-7-str/,https://www.carwale.com/toyota-cars/innova-hycross/
Toyota,Innova Hycross,VX Hybrid (Electric + Petrol) Automatic (e-CVT) 7 STR Platinum White Pearl,https://www.carwale.com/toyota-cars/innova-hycross/vx-hybrid-electric-petrol-automatic-e-cvt-7-str-platinum-white-pearl/,https://www.carwale.com/toyota-cars/innova-hycross/
Toyota,Innova Hycross,VX Hybrid (Electric + Petrol) Automatic (e-CVT) 8 STR,https://www.carwale.com/toyota-cars/innova-hycross/vx-hybrid-electric-petrol-automatic-e-cvt-8-str/,https://www.carwale.com/toyota-cars/innova-hycross/
Toyota,Innova Hycross,ZX (O) Hybrid (Electric + Petrol) Automatic (e-CVT) 7 STR,https://www.carwale.com/toyota-cars/innova-hycross/zx-o-hybrid-electric-petrol-automatic-e-cvt-7-str/,https://www.carwale.com/toyota-cars/innova-hycross/
Toyota,Innova Hycross,ZX (O) Hybrid (Electric + Petrol) Automatic (e-CVT) 7 STR Limited Edition,https://www.carwale.com/toyota-cars/innova-hycross/zx-o-hybrid-electric-petrol-automatic-e-cvt-7-str-limited-edition/,https://www.carwale.com/toyota-cars/innova-hycross/
Toyota,Innova Hycross,VX Hybrid (Electric + Petrol) Automatic (e-CVT) 8 STR Platinum White Pearl,https://www.carwale.com/toyota-cars/innova-hycross/vx-hybrid-electric-petrol-automatic-e-cvt-8-str-platinum-white-pearl/,https://www.carwale.com/toyota-cars/innova-hycross/
Toyota,Innova Hycross,ZX (O) Hybrid (Electric + Petrol) Automatic (e-CVT) 7 STR Platinum White Pearl,https://www.carwale.com/toyota-cars/innova-hycross/zx-o-hybrid-electric-petrol-automatic-e-cvt-7-str-platinum-white-pearl/,https://www.carwale.com/toyota-cars/innova-hycross/
Toyota,Innova Hycross,ZX Hybrid (Electric + Petrol) Automatic (e-CVT) 7 STR,https://www.carwale.com/toyota-cars/innova-hycross/zx-hybrid-electric-petrol-automatic-e-cvt-7-str/,https://www.carwale.com/toyota-cars/innova-hycross/
Toyota,Innova Hycross,ZX Hybrid (Electric + Petrol) Automatic (e-CVT) 7 STR Platinum White Pearl,https://www.carwale.com/toyota-cars/innova-hycross/zx-hybrid-electric-petrol-automatic-e-cvt-7-str-platinum-white-pearl/,https://www.carwale.com/toyota-cars/innova-hycross/
Toyota,Fortuner Legender,2.8 4X4 AT,https://www.carwale.com/toyota-cars/fortuner-legender/2-8-4x4-at/,https://www.carwale.com/toyota-cars/fortuner-legender/
Toyota,Fortuner Legender,4X4 4WD Mild Hybrid (Electric + Diesel) Turbo Automatic Dual Tone,https://www.carwale.com/toyota-cars/fortuner-legender/4x4-4wd-mild-hybrid-electric-diesel-turbo-automatic-dual-tone/,https://www.carwale.com/toyota-cars/fortuner-legender/
Toyota,Urban Cruiser Hyryder 7 Seater,Fortuner,https://www.carwale.com/toyota-cars/urban-cruiser-hyryder-7-seater/fortuner/,https://www.carwale.com/toyota-cars/urban-cruiser-hyryder-7-seater/
Toyota,Urban Cruiser Hyryder 7 Seater,Innova Crysta,https://www.carwale.com/toyota-cars/urban-cruiser-hyryder-7-seater/innova-crysta/,https://www.carwale.com/toyota-cars/urban-cruiser-hyryder-7-seater/
Toyota,Urban Cruiser Hyryder 7 Seater,Urban Cruiser Taisor,https://www.carwale.com/toyota-cars/urban-cruiser-hyryder-7-seater/urban-cruiser-taisor/,https://www.carwale.com/toyota-cars/urban-cruiser-hyryder-7-seater/
Toyota,Urban Cruiser Hyryder 7 Seater,Innova Hycross,https://www.carwale.com/toyota-cars/urban-cruiser-hyryder-7-seater/innova-hycross/,https://www.carwale.com/toyota-cars/urban-cruiser-hyryder-7-seater/
Toyota,Commuter,HiAce 3.0 L,https://www.carwale.com/toyota-cars/commuter/hiace-3-0-l/,https://www.carwale.com/toyota-cars/commuter/
Toyota,Estima,Emina 2.0 TDI AT,https://www.carwale.com/toyota-cars/estima/emina-2-0-tdi-at/,https://www.carwale.com/toyota-cars/estima/
Toyota,Cressida,XL 2.4 AT,https://www.carwale.com/toyota-cars/cressida/xl-2-4-at/,https://www.carwale.com/toyota-cars/cressida/
Toyota,Majesta,4.0 V8 AT,https://www.carwale.com/toyota-cars/majesta/4-0-v8-at/,https://www.carwale.com/toyota-cars/majesta/
Volkswagen,Virtus,Comfortline Petrol 1.0L Turbo Manual,https://www.carwale.com/volkswagen-cars/virtus/comfortline-petrol-1-0l-turbo-manual/,https://www.carwale.com/volkswagen-cars/virtus/
Volkswagen,Virtus,GT Line Petrol 1.0L Turbo Automatic (TC),https://www.carwale.com/volkswagen-cars/virtus/gt-line-petrol-1-0l-turbo-automatic-tc/,https://www.carwale.com/volkswagen-cars/virtus/
Volkswagen,Virtus,GT Line Petrol 1.0L Turbo Manual,https://www.carwale.com/volkswagen-cars/virtus/gt-line-petrol-1-0l-turbo-manual/,https://www.carwale.com/volkswagen-cars/virtus/
Volkswagen,Virtus,GT Petrol 1.0L Turbo Manual,https://www.carwale.com/volkswagen-cars/virtus/gt-petrol-1-0l-turbo-manual/,https://www.carwale.com/volkswagen-cars/virtus/
Volkswagen,Virtus,GT Plus Petrol 1.5L Turbo Automatic (DCT) Chrome,https://www.carwale.com/volkswagen-cars/virtus/gt-plus-petrol-1-5l-turbo-automatic-dct-chrome/,https://www.carwale.com/volkswagen-cars/virtus/
Volkswagen,Virtus,GT Plus Petrol 1.5L Turbo Automatic (DCT),https://www.carwale.com/volkswagen-cars/virtus/gt-plus-petrol-1-5l-turbo-automatic-dct/,https://www.carwale.com/volkswagen-cars/virtus/
Volkswagen,Virtus,GT Plus Petrol 1.5L Turbo Automatic (DCT) Sport,https://www.carwale.com/volkswagen-cars/virtus/gt-plus-petrol-1-5l-turbo-automatic-dct-sport/,https://www.carwale.com/volkswagen-cars/virtus/
Volkswagen,Virtus,Highline 1.0 TSI MT [2023-2024],https://www.carwale.com/volkswagen-cars/virtus/highline-1-0-tsi-mt-2023-2024/,https://www.carwale.com/volkswagen-cars/virtus/
Volkswagen,Virtus,Highline Petrol 1.0L Turbo Automatic (TC),https://www.carwale.com/volkswagen-cars/virtus/highline-petrol-1-0l-turbo-automatic-tc/,https://www.carwale.com/volkswagen-cars/virtus/
Volkswagen,Virtus,Highline Petrol 1.0L Turbo Manual,https://www.carwale.com/volkswagen-cars/virtus/highline-petrol-1-0l-turbo-manual/,https://www.carwale.com/volkswagen-cars/virtus/
Volkswagen,Virtus,Highline Plus Petrol 1.0L Turbo Manual,https://www.carwale.com/volkswagen-cars/virtus/highline-plus-petrol-1-0l-turbo-manual/,https://www.carwale.com/volkswagen-cars/virtus/
Volkswagen,Virtus,Highline Plus Petrol 1.0L Turbo Automatic (TC),https://www.carwale.com/volkswagen-cars/virtus/highline-plus-petrol-1-0l-turbo-automatic-tc/,https://www.carwale.com/volkswagen-cars/virtus/
Volkswagen,Virtus,Topline 1.0 TSI AT,https://www.carwale.com/volkswagen-cars/virtus/topline-1-0-tsi-at/,https://www.carwale.com/volkswagen-cars/virtus/
Volkswagen,Virtus,Topline Petrol 1.0L Turbo Automatic (TC),https://www.carwale.com/volkswagen-cars/virtus/topline-petrol-1-0l-turbo-automatic-tc/,https://www.carwale.com/volkswagen-cars/virtus/
Volkswagen,Virtus,Topline 1.0 TSI MT,https://www.carwale.com/volkswagen-cars/virtus/topline-1-0-tsi-mt/,https://www.carwale.com/volkswagen-cars/virtus/
Volkswagen,Virtus,Topline Petrol 1.0L Turbo Manual,https://www.carwale.com/volkswagen-cars/virtus/topline-petrol-1-0l-turbo-manual/,https://www.carwale.com/volkswagen-cars/virtus/
Volkswagen,Vento,Highline 1.0L TSI Automatic,https://www.carwale.com/volkswagen-cars/vento/highline-1-0l-tsi-automatic/,https://www.carwale.com/volkswagen-cars/vento/
Volkswagen,Vento,Highline 1.2 (P) AT,https://www.carwale.com/volkswagen-cars/vento/highline-1-2-p-at/,https://www.carwale.com/volkswagen-cars/vento/
Volkswagen,Vento,Highline 1.5 (D) AT,https://www.carwale.com/volkswagen-cars/vento/highline-1-5-d-at/,https://www.carwale.com/volkswagen-cars/vento/
Volkswagen,Vento,Highline 1.5 (D),https://www.carwale.com/volkswagen-cars/vento/highline-1-5-d/,https://www.carwale.com/volkswagen-cars/vento/
Volkswagen,Vento,Highline 1.6 (P),https://www.carwale.com/volkswagen-cars/vento/highline-1-6-p/,https://www.carwale.com/volkswagen-cars/vento/
Volkswagen,Vento,Highline Plus 1.0L TSI Automatic,https://www.carwale.com/volkswagen-cars/vento/highline-plus-1-0l-tsi-automatic/,https://www.carwale.com/volkswagen-cars/vento/
Volkswagen,Vento,Trendline 1.0L TSI,https://www.carwale.com/volkswagen-cars/vento/trendline-1-0l-tsi/,https://www.carwale.com/volkswagen-cars/vento/
Volkswagen,Vento,Trendline 1.5 (D),https://www.carwale.com/volkswagen-cars/vento/trendline-1-5-d/,https://www.carwale.com/volkswagen-cars/vento/
Volkswagen,Vento,Trendline 1.6 (P),https://www.carwale.com/volkswagen-cars/vento/trendline-1-6-p/,https://www.carwale.com/volkswagen-cars/vento/
Volkswagen,Vento,Turbo Edition 1.0L TSI,https://www.carwale.com/volkswagen-cars/vento/turbo-edition-1-0l-tsi/,https://www.carwale.com/volkswagen-cars/vento/
Volkswagen,Polo,1.0 GT TSI,https://www.carwale.com/volkswagen-cars/polo/1-0-gt-tsi/,https://www.carwale.com/volkswagen-cars/polo/
Volkswagen,Polo,Comfortline 1.0L (P) [2019-2020],https://www.carwale.com/volkswagen-cars/polo/comfortline-1-0l-p-2019-2020/,https://www.carwale.com/volkswagen-cars/polo/
Volkswagen,Polo,Highline Plus 1.0 (P) [2019-2020],https://www.carwale.com/volkswagen-cars/polo/highline-plus-1-0-p-2019-2020/,https://www.carwale.com/volkswagen-cars/polo/
Volkswagen,Polo,Highline 1.0 (P),https://www.carwale.com/volkswagen-cars/polo/highline-1-0-p/,https://www.carwale.com/volkswagen-cars/polo/
Volkswagen,Polo,Trendline 1.0L (P) [2019-2020],https://www.carwale.com/volkswagen-cars/polo/trendline-1-0l-p-2019-2020/,https://www.carwale.com/volkswagen-cars/polo/
Volkswagen,Polo,Turbo Edition 1.0L TSI,https://www.carwale.com/volkswagen-cars/polo/turbo-edition-1-0l-tsi/,https://www.carwale.com/volkswagen-cars/polo/
Volkswagen,Ameo,1.0 Pace,https://www.carwale.com/volkswagen-cars/ameo/1-0-pace/,https://www.carwale.com/volkswagen-cars/ameo/
Volkswagen,Ameo,Highline Plus 1.0L (P) 16 Alloy,https://www.carwale.com/volkswagen-cars/ameo/highline-plus-1-0l-p-16-alloy/,https://www.carwale.com/volkswagen-cars/ameo/
Volkswagen,Ameo,Highline Plus 1.0L (P) Connect Edition,https://www.carwale.com/volkswagen-cars/ameo/highline-plus-1-0l-p-connect-edition/,https://www.carwale.com/volkswagen-cars/ameo/
Volkswagen,Ameo,Highline Plus 1.5L (D) Connect Edition,https://www.carwale.com/volkswagen-cars/ameo/highline-plus-1-5l-d-connect-edition/,https://www.carwale.com/volkswagen-cars/ameo/
Volkswagen,Ameo,Highline Plus 1.5L (D)16 Alloy,https://www.carwale.com/volkswagen-cars/ameo/highline-plus-1-5l-d-16-alloy/,https://www.carwale.com/volkswagen-cars/ameo/
Volkswagen,Ameo,Highline Plus 1.5L AT (D)16 Alloy,https://www.carwale.com/volkswagen-cars/ameo/highline-plus-1-5l-at-d-16-alloy/,https://www.carwale.com/volkswagen-cars/ameo/
Volkswagen,Ameo,Highline1.0L (P),https://www.carwale.com/volkswagen-cars/ameo/highline1-0l-p/,https://www.carwale.com/volkswagen-cars/ameo/
Volkswagen,Ameo,Highline1.2L (P) [2016-2018],https://www.carwale.com/volkswagen-cars/ameo/highline1-2l-p-2016-2018/,https://www.carwale.com/volkswagen-cars/ameo/
Volkswagen,Ameo,Highline1.2L Plus (P) 16 Alloy [2017-2018],https://www.carwale.com/volkswagen-cars/ameo/highline1-2l-plus-p-16-alloy-2017-2018/,https://www.carwale.com/volkswagen-cars/ameo/
Volkswagen,Ameo,Highline1.5L (D) [2016-2018],https://www.carwale.com/volkswagen-cars/ameo/highline1-5l-d-2016-2018/,https://www.carwale.com/volkswagen-cars/ameo/
